,home,tt,tt,"tt,tt,yy,oo,yy",,"terte terterte",54757455454,HNDCE,2025-08-23,2025-08-23
,home,tt,tt,"tt,tt,yy,oo,yy",,"terte terterte",54757455454,HNDCE,2025-08-23,2025-08-23
ASSIGNMENT,01,"6YTERER EYEYE",,ETYRY,YY,"tt,tt,yy,oo,yy","YE EREY EY ER YEY","terte terterte",54757455454,HNDCE,2025-08-23,2025-07-30
ASSIGNMENT,01,,,,,,,,,HNDCE,,
ASSIGNMENT,01,,,,,,,,,HNDCE,,
EXPERIMENT,03,"ERT RYERYERY",,tt,tt,"tt,tt,yy,oo,yy",home,"terte terterte",54757455454,HNDBSE,2025-08-23,
EXPERIMENT,03,"ERT RYERYERY",,tt,tt,"tt,tt,yy,oo,yy",home,"terte terterte",54757455454,HNDBSE,2025-08-23,2025-08-23
ASSIGNMENT,01,,,,,,,,,HNDCE,,
ASSIGNMENT,01,,,"SFHB FHG",C5,"78,69,24,25","HHIKMV  NGFGG","TR TJTHNB",COLCEFUHJ57,HNDME,2025-08-23,2025-08-26
ASSIGNMENT,01,"RYU  JIYH NJYTY",,"SFHB FHG",C5,"78,69,24,25","HHIKMV  NGFGG","TR TJTHNB",COLCEFUHJ57,HNDME,2025-08-23,2025-08-26
ASSIGNMENT,01,"RYU  JIYH NJYTY FUTRDC GUTRHV VJTG  TTFBNGF",,"SFHB FHG",C5,"78,69,24,25","HHIKMV  NGFGG","TR TJTHNB",COLCEFUHJ57,HNDME,2025-08-23,2025-08-26
ASSIGNMENT,01,"RYU  JIYH NJYTY FUTRDC GUTRHV VJTG  TTFBNGF",,"SFHB FHG",C5,"78,69,24,25","HHIKMV  NGFGG GU54EVVBTUR  GTDSVHYES  HEWCHR CY3JFDS","TR TJTHNB",COLCEFUHJ57,HNDME,2025-08-23,2025-08-26
ASSIGNMENT,01,"EDETER EETYET R ER ER YETRY TR ETETY TRYTR",,"T TER E YEY",C6,"676,RYRTU,7TYTRY","ERT Y YTYE YEYE EYETY ET E YET YET YETR ETETYET UTRE ERYETU TRU ET YET",RERTTTETTETERT,CDSTERYEYRTY,HNDQS,2025-08-23,2025-08-26
ASSIGNMENT,01,"RTREY EYEYE RYERYE",,"YETR ERYE YE YE",CSDR346,"EER,TERY,ER TETY ER RERT,YERY E","RYTR YE YETY ETY ERYETRT YETR YET EYET YTR ER YET YE","ET ER TR TR TRTWT","TERY EERTER TWR WTR TWR",HNDBSE,2025-08-23,2025-08-26
ASSIGNMENT,01,,,,,,,,,HNDCE,,
ASSIGNMENT,01,,,,,,,,,HNDCE,,
ASSIGNMENT,01,,,,,,,,54757455454,HNDCE,,
ASSIGNMENT,01,,,,,"011,012,034",,,col/ce/2020/f/675,HNDCE,,
