ASSIGNMENT,01,,,,,"Rt, ryu, 57, 78,","Home's house",,Col/ce/2020/f/077,HNDCE,,
ASSIGNMENT,01,,,,,,,,Col/ce/2020/f/075,HNDCE,,
ASSIGNMENT,01,"Introduction to thermodynamics",,"MR.SHAYAN PERERA",,,"PAST PAPER 2023",M.M.C.MADABAWITA,COL/BSE/2324/F/203,HNDBSE,2025-09-15,2025-09-22
ASSIGNMENT,01,"Introduction to thermodynamics",,"MR.SHAYAN PERERA",,,"PAST PAPER 2023",M.M.C.MADABAWITA,COL/BE/2324/F/203,HNDBSE,2025-09-15,2025-09-22
ASSIGNMENT,01,"Introduction to thermodynamics",,"MR.SHAYAN PERERA",,,"PAST PAPER 2023",M.M.C.MADABAWITA,COL/BSE/2324/F/203,HNDBSE,2025-09-15,2025-09-22
ASSIGNMENT,01,"Engineering Surveying ",,,,,,"P.L.M.P.Amarasinghe ",COL/CE/2324/F/069,HNDCE,,
ASSIGNMENT,01,"Engineering Surveying ",,,,,,"P.L.M.P.Amarasinghe ",COL/CE/2324/F/069,HNDCE,,
ASSIGNMENT,01,"Engineering Surveying ",,,,,,"P.L.M.P.Amarasinghe ",COL/CE/2324/F/069,HNDCE,,
ASSIGNMENT,01,"Engineering Surveying ",,,,,,"P.L.M.P.Amarasinghe ",COL/CE/2324/F/069,HNDCE,,
ASSIGNMENT,01,"Engineering Surveying ",,,,,,"P.L.M.P.Amarasinghe ",COL/CE/2324/F/069,HNDCE,,
ASSIGNMENT,01,"Engineering Surveying ",,,,,,"P.L.M.P.Amarasinghe ",COL/CE/2324/F/069,HNDCE,,
EXPERIMENT,01,"Engineering Surveying ",,,,,,"P.L.M.P.Amarasinghe ",COL/CE/2324/F/069,HNDCE,,
ASSIGNMENT,01,"Engineering surveying ",,,,,"Engineering surveying - CE2120","P.L.M.P.Amarasinghe ",COL/CE/2324/F/069,HNDCE,,
ASSIGNMENT,01,"Engineering surveying ",,,,,"Engineering surveying - CE2120","P.L.M.P.Amarasinghe ",COL/CE/2324/F/069,HNDCE,,
EXPERIMENT,01,"Engineering Surveying ",,,,,,"P.L.M.P.Amarasinghe ",COL/CE/2324/F/069,HNDCE,,
EXPERIMENT,01,"Engineering Surveying ",,,,,,"P.L.M.P.Amarasinghe ",COL/CE/2324/F/069,HNDCE,,
EXPERIMENT,01,"Engineering Surveying ",,,,,,"P.L.M.P.Amarasinghe ",COL/CE/2324/F/069,HNDCE,,
EXPERIMENT,01,"Engineering Surveying ",,,,,,"P.L.M.P.Amarasinghe ",COL/CE/2324/F/069,HNDCE,,
EXPERIMENT,01,"Engineering Surveying ",,,,,,"P.L.M.P.Amarasinghe ",COL/CE/2324/F/069,HNDCE,,
PRACTICAL,01,"Engineering surveying",,,,,"Engineering surveying - CE2120","A. K. D. V. P. WIJENAYAKA ","COL /CE /2324/F/206",HNDCE,,
PRACTICAL,01,"Engineering surveying",,,,,"Engineering surveying - CE2120","A. K. D. V. P. WIJENAYAKA ","COL /CE /2324/F/206",HNDCE,,
PRACTICAL,01,"Engineering surveying",,,,,"Engineering surveying - CE2120","A. K. D. V. P. WIJENAYAKA ","COL /CE /2324/F/206",HNDCE,,
PRACTICAL,01,"Engineering surveying",,,,,"Engineering surveying - CE2120","A. K. D. V. P. WIJENAYAKA ","COL /CE /2324/F/206",HNDCE,2025-09-12,2025-09-19
PRACTICAL,01,"Engineering surveying",,,,,"Engineering surveying - CE2120","A. K. D. V. P. WIJENAYAKA ","COL /CE /2324/F/206",HNDCE,,
ASSIGNMENT,01,"Engineering surveying ",,,,,"Engineering surveying - CE2120","P.L.M.P.Amarasinghe ","COL /CE/2324/F/069",HNDCE,,
ASSIGNMENT,01,"Engineering surveying ",,,,,"Engineering surveying - CE2120","P.L.M.P.Amarasinghe ","COL /CE/2324/F/069",HNDCE,,
ASSIGNMENT,01,,,,,,"Engineering surveying -CE2120","P.L.M.P.Amarasinghe ",Col/CE/2324/f/069,HNDCE,,
ASSIGNMENT,01,,,,,,"Engineering surveying -CE2120","P.L.M.P.Amarasinghe ",Col/CE/2324/f/069,HNDCE,,
ASSIGNMENT,01,,,,,,"Engineering surveying -CE2120","P.L.M.P.Amarasinghe ",Col/CE/2324/f/069,HNDCE,,
ASSIGNMENT,01,,,,,,"Engineering surveying -CE2120","P.L.M.P.Amarasinghe ",Col/CE/2324/f/069,HNDCE,,
ASSIGNMENT,01,,,,,,"Engineering surveying -CE2120","P.L.M.P.Amarasinghe ",Col/CE/2324/f/069,HNDCE,,
ASSIGNMENT,01,,,,,,"Engineering surveying -CE2120","P.L.M.P.Amarasinghe ",Col/CE/2324/f/069,HNDCE,,
ASSIGNMENT,01,,,,,,"Engineering surveying -CE2120","P.L.M.P.Amarasinghe ",Col/CE/2324/f/069,HNDCE,,
ASSIGNMENT,01,,,,,,"Engineering surveying -CE2120","P.L.M.P.Amarasinghe ",Col/CE/2324/f/069,HNDCE,,
ASSIGNMENT,01,,,,,,"Engineering surveying -CE2120","P.L.M.P.Amarasinghe ",Col/CE/2324/f/069,HNDCE,,
ASSIGNMENT,01,,,,,,"Engineering surveying - CE2120","P.L.M.P.Amarasinghe ",COL/CE/2324/F/069,HNDCE,,
ASSIGNMENT,01,,,,,,"Engineering surveying - CE2120","P.L.M.P.Amarasinghe ",COL/CE/2324/F/069,HNDCE,,
ASSIGNMENT,01,"Engineering surveying ",,,,,"Engineering surveying - CE2120","P.L.M.P.Amarasinghe ",COL/CE/2324/F/069,HNDCE,,
ASSIGNMENT,01,"Engineering surveying ",,,,,"Engineering surveying - CE2120","P.L.M.P.Amarasinghe ",COL/CE/2324/F/069,HNDCE,,
ASSIGNMENT,01,"Engineering surveying ",,,,,"Engineering surveying - CE2120","P.L.M.P.Amarasinghe ",COL/CE/2324/F/069,HNDCE,2025-09-16,2025-09-19
ASSIGNMENT,01,"Engineering surveying ",,,,,"Engineering surveying - CE2120","P.L.M.P.Amarasinghe ",COL/CE/2324/F/069,HNDCE,2025-09-16,2025-09-19
ASSIGNMENT,01,"Engineering surveying ",,,,,"Engineering surveying - CE2120","P.L.M.P.Amarasinghe ",COL/CE/2324/F/069,HNDCE,2025-09-16,2025-09-19
EXPERIMENT,01,"Engineering surveying ",,,,,"Engineering surveying - CE2120","P.L.M.P.Amarasinghe ",COL/CE/2324/F/069,HNDCE,2025-09-16,2025-09-19
EXPERIMENT,01,"Engineering surveying ",,,,,"Engineering surveying - CE2120","P.L.M.P.Amarasinghe ",COL/CE/2324/F/069,HNDCE,2025-09-16,2025-09-19
EXPERIMENT,01,"Engineering surveying ",,,,,"Engineering surveying - CE2120","P.L.M.P.Amarasinghe ",COL/CE/2324/F/069,HNDCE,2025-09-16,2025-09-19
ASSIGNMENT,01,"Engineering ",,,,,"Engineering surveying - CE2120","P.L.M.P.Amarasinghe ","COL /CE/2324/F/069",HNDCE,,
ASSIGNMENT,01,"Engineering ",,,,,"Engineering surveying - CE2120","P.L.M.P.Amarasinghe ","COL /CE/2324/F/069",HNDCE,,
ASSIGNMENT,01,"Introduction to thermodynamics",,"MR.SHAYAN PERERA",,,"Past paper 2024",M.M.C.MADABAWITA,COL/BSE/2324/F/203,HNDBSE,2025-09-15,2025-09-22
ASSIGNMENT,01,"Introduction to thermodynamics",,"MR.SHAYAN PERERA",,,"Past paper 2024",M.M.C.MADABAWITA,COL/BE/2324/F/203,HNDBSE,2025-09-15,2025-09-22
ASSIGNMENT,01,"Introduction to thermodynamics ",,G.A.S.PERERA,,,"Past paper answersheet 2023",G.N.H.KUMARI,COL/BSE/2324/F/012,HNDBSE,2025-09-15,2025-09-22
ASSIGNMENT,01,"Introduction to thermodynamics ",,G.A.S.PERERA,,,"Past paper answersheet 2023",G.N.H.KUMARI,COL/BSE/2324/F/012,HNDBSE,2025-09-15,2025-09-22
ASSIGNMENT,01,"Introduction to thermodynamics ",,G.A.S.PERERA,,,"Past paper answersheet 2023",G.N.H.KUMARI,COL/BSE/2324/F/012,HNDBSE,2025-09-15,2025-09-22
ASSIGNMENT,01,"Introduction to thermodynamics ",,G.A.S.PERERA,,,"Past paper answersheet 2023",G.N.H.KUMARI,COL/BSE/2324/F/012,HNDBSE,2025-09-15,2025-09-22
ASSIGNMENT,01,"Introduction to thermodynamics",,Mr.G.A.S.Perera,,,"Past paper answer sheet 2023",S.D.Gamage,Col/bse/2324/f/220,HNDBSE,2025-09-15,2025-09-22
ASSIGNMENT,01,"Introduction to thermodynamics ",,G.A.S.PERERA,,,"Past paper answersheet 2023",G.N.H.KUMARI,COL/BSE/2324/F/12,HNDBSE,2025-09-15,2025-09-22
ASSIGNMENT,01,"Introduction to thermodynamics",,Mr.G.A.S.Perera,,,"Past paper answer sheet 2023",S.D.Gamage,Col/bse/2324/f/220,HNDBSE,2025-09-15,2025-09-22
ASSIGNMENT,01,"Introduction to thermodynamics ",,G.A.S.PERERA,,,"Past paper answersheet 2023",G.N.H.KUMARI,"COL /BSE /2324 / F /12",HNDBSE,2025-09-15,2025-09-22
ASSIGNMENT,01,"Introduction to thermodynamics",,Mr.G.A.S.Perera,,,"Past paper answer sheet 2023",S.D.Gamage,COL/BSE/2324/F/220,HNDBSE,2025-09-15,2025-09-22
ASSIGNMENT,01,"Introduction to thermodynamics",,Mr.G.A.S.Perera,,,"Past paper answer sheet 2023",S.D.Gamage,COL/BSE/2324/F/220,HNDBSE,2025-09-15,2025-09-22
ASSIGNMENT,01,"Introduction to thermodynamics",,Mr.G.A.S.Perera,,,"Past paper answer sheet 2023",S.D.Gamage,Col/bse/2324/f/220,HNDBSE,2025-09-15,2025-09-22
ASSIGNMENT,01,"Introduction to thermodynamics",,Mr.G.A.S.Perera,,,"Past paper answer sheet 2023",S.D.Gamage,Col/bse/2324/220,HNDBSE,2025-09-15,2025-09-22
ASSIGNMENT,01,"Introduction to thermodynamics",,G.A.S.Perera,,,"Past paper answer sheet 2023",H.M.M.D.Herath,Col/bse/2324/f/239,HNDBSE,2025-09-15,2025-09-22
ASSIGNMENT,01,"Introduction to thermodynamics",,G.A.S.Perera,,,"Past paper answer sheet 2023",H.M.M.D.Herath,Col/bse/2324/f/239,HNDBSE,2025-09-15,2025-09-22
ASSIGNMENT,01,"Introduction to thermodynamics",,G.A.S.Perera,,,"Past paper answer sheet 2023",H.M.M.D.Herath,Col/bse/2324/f/239,HNDBSE,2025-09-15,2025-09-22
ASSIGNMENT,01,"Introduction to thermodynamics ",,G.A.S.PERERA,,,"Past paper answersheet 2023",G.N.H.KUMARI,"COL BSE 2324  F 012",HNDBSE,2025-09-15,2025-09-22
ASSIGNMENT,01,"Introduction to thermodynamics",,Mr.G.A.S.Perera,,,"Past paper answer sheet 2023",S.D.Gamage,COL/BSE/2324/F/220,HNDBSE,2025-09-15,2025-09-22
ASSIGNMENT,01,"Introduction to thermodynamics",,G.A.S.Perera,,,"Past paper answer sheet 2023",H.M.M.D.Herath,Col/bse/2324/f/239,HNDBSE,2025-09-15,2025-09-22
ASSIGNMENT,01,"Introduction to thermodynamics ",,G.A.S.PERERA,,,"Past paper answersheet 2023",G.N.H.KUMARI,"COL/ BS /2324/ F/ 012",HNDBSE,2025-09-15,2025-09-22
ASSIGNMENT,01,"Introduction to thermodynamics",,Mr.G.A.S.Perera,,,"Past paper answer sheet 2023",S.D.Gamage,COL/BSE/2324/F/220,HNDBSE,2025-09-15,2025-09-22
ASSIGNMENT,01,"Introduction to thermodynamics",,G.A.S.Perera,,,"Past paper answer sheet 2023",H.M.M.D.Herath,COL/BSE/2324/F/239,HNDBSE,2025-09-15,2025-09-22
ASSIGNMENT,01,"Introduction to thermodynamics ",,G.A.S.PERERA,,,"Past paper answersheet 2023",G.N.H.KUMARI,"COL/ CE /2324/ F/ 012",HNDBSE,2025-09-15,2025-09-22
ASSIGNMENT,01,"Introduction to thermodynamics",,G.A.S.Perera,,,"Past paper answer sheet 2023",H.M.M.D.Herath,COL/BS/2324/F/239,HNDBSE,2025-09-15,2025-09-22
ASSIGNMENT,01,"Introduction to thermodynamics ",,G.A.S.PERERA,,,"Past paper answersheet 2023",G.N.H.KUMARI,COL/BSE/2324/F/012,HNDBSE,2025-09-15,2025-09-22
ASSIGNMENT,01,"INTRODUCTION TO THERMODYNAMICS ",,MR.G.A.S.PERERA,,,"PAST PAPER  ANSWER SHEET 2023",A.M.N.C.ADHIKARI,COL/BSE/2324/F/230,HNDBSE,2025-09-15,2025-09-22
ASSIGNMENT,01,"INTRODUCTION TO THERMODYNAMICS ",,MR.G.A.S.PERERA,,,"PAST PAPER  ANSWER SHEET 2023",A.M.N.C.ADHIKARI,COL/BSE/2324/F/230,HNDBSE,2025-09-15,2025-09-22
ASSIGNMENT,01,"INTRODUCTION TO THERMODYNAMICS ",,MR.G.A.S.PERERA,,,"PAST PAPER  ANSWER SHEET 2023",A.M.N.C.ADHIKARI,COL/BSE/2324/F/230,HNDBSE,2025-09-15,2025-09-22
ASSIGNMENT,01,"INTRODUCTION TO THERMODYNAMICS ",,MR.G.A.S.PERERA,,,"PAST PAPER  ANSWER SHEET 2023",A.M.N.C.ADHIKARI,COL/BSE/2324/F/230,HNDBSE,2025-09-15,2025-09-22
ASSIGNMENT,01,"INTRODUCTION TO THERMODYNAMICS ",,MR.G.A.S.PERERA,,,"PAST PAPER  ANSWER SHEET 2023",A.M.N.C.ADHIKARI,COL/BSE/2324/F/230,HNDBSE,2025-09-15,2025-09-22
ASSIGNMENT,01,"Introduction to thermodynamics",,Mr.G.A.S.Perera,,,"Past paper answer sheet 2023",S.D.Gamage,COL/BSE/2324/F/220,HNDBSE,2025-09-15,2025-09-22
ASSIGNMENT,01,"Introduction to thermodynamics",,Mr.G.A.S.Perera,,,"Past paper answer sheet 2023",S.D.Gamage,COL/BSE/2324/F/220,HNDBSE,2025-09-15,2025-09-22
ASSIGNMENT,01,"Introduction to thermodynamics",,Mr.G.A.S.Perera,,,"Past paper answer sheet 2023",S.D.Gamage,COL/BS/2324/F/220,HNDBSE,2025-09-15,2025-09-22
ASSIGNMENT,01,"Introduction to thermodynamics",,Mr.G.A.S.Perera,,,"Past paper answer sheet 2023",S.D.Gamage,COL/BSe/2324/F/220,HNDBSE,2025-09-15,2025-09-22
ASSIGNMENT,01,"Introduction to thermodynamics",,Mr.G.A.S.Perera,,,"Past paper answer sheet 2023",S.D.Gamage,COLBSe/2324/F/220,HNDBSE,2025-09-15,2025-09-22
ASSIGNMENT,01,"INTRODUCTION TO THERMODYNAMICS ",,MR.G.A.S.PERERA,4,444,"PAST PAPER  ANSWER SHEET 2023",A.M.N.C.ADHIKARI,COL/BSE/2324/F/230,HNDBSE,2025-09-15,2025-09-22
ASSIGNMENT,01,Bsjaj,,Sjrruah,Hfh,Hdhd,Dah,G.A.S.pERERA,COL/BSE/2324/F/224,HNDBSE,2025-09-24,2025-09-30
ASSIGNMENT,01,"INTRODUCTION TO THERMODYNAMICS ",,MR.G.A.S.PERERA,4,444,"PAST PAPER  ANSWER SHEET 2023",A.M.N.C.ADHIKARI,COL/BSE/2324/F/230,HNDBSE,2025-09-15,2025-09-22
ASSIGNMENT,01,"INTRODUCTION TO THERMODYNAMICs",,"MR. G.A.S.PERERA",,,"PAST PAPER ANSWER SHEET 2023",B.P.S.I.BALASOORIYA,"COL/BSE/2324/F/040 ",HNDBSE,2025-09-15,2025-09-22
ASSIGNMENT,01,"INTRODUCTION TO THERMODYNAMICS",,"MR. G.A.S.PERERA",,,"PAST PAPER ANSWER SHEET 2023",B.P.S.I.BALASOORIYA,"COL/BSE/2324/F/040 ",HNDBSE,2025-09-15,2025-09-22
ASSIGNMENT,01,"INTRODUCTION TO THERMODYNAMICS ",,MR.G.A.S.PERERA,,,"PAST PAPER ANSWER SHEET 2023",D.M.N.NILMINI,COL/BSE/2324/F/216,HNDBSE,2025-09-15,2025-09-22
ASSIGNMENT,01,"INTRODUCTION TO THERMODYNAMICS ",,MR.G.A.S.PERERA,,,"PAST PAPER ANSWER SHEET 2023",D.M.N.NILMINI,COL/BSE/2324/F/216,HNDBSE,2025-09-15,2025-09-22
ASSIGNMENT,01,"INTRODUCTION TO THERMODYNAMICS ",,MR.G.A.S.PERERA,,,"PAST PAPER ANSWER SHEET 2023",D.M.N.NILMINI,COL/BSE/2324/F/216,HNDBSE,2025-09-15,2025-09-22
ASSIGNMENT,01,"INTRODUCTION TO THERMODYNAMICS",,"MR. G.A.S.PERERA",,,"PAST PAPER ANSWER SHEET 2023",B.P.S.I.BALASOORIYA,"COL/BSE/2324/F/040 ",HNDBSE,2025-09-15,2025-09-22
ASSIGNMENT,01,"INTRODUCTION TO THERMODYNAMICS",,"MR. G.A.S.PERERA",,,"PAST PAPER ANSWER SHEET 2023",B.P.S.I.BALASOORIYA,"COL/BSE/2324/F/040 ",HNDBSE,2025-09-15,2025-09-22
ASSIGNMENT,01,"INTRODUCTION TO THERMODYNAMICS ",,MR.G.A.S.PERERA,,,"PAST PAPER ANSWER SHEET 2023",D.M.N.NILMINI,COL/BSE/2324/F/216,HNDBSE,2025-09-15,2025-09-22
ASSIGNMENT,01,"INTRODUCTION TO THERMODYNAMICS ",,MR.G.A.S.PERERA,,,"PAST PAPER ANSWER SHEET 2023",D.M.N.NILMINI,COL/BS/2324/F/216,HNDBSE,2025-09-15,2025-09-22
ASSIGNMENT,01,"INTRODUCTION TO THERMODYNAMICS ",,MR.G.A.S.PERERA,,,"PAST PAPER ANSWER SHEET 2023",D.M.N.NILMINI,COL/BSE/2324/F/216,HNDBSE,2025-09-15,2025-09-22
ASSIGNMENT,01,"Introduction to thermodynamics",,MR.G.A.S.PERERA,,,"PAST PAPER ANSWER SHEET  2023",A.M.D.D.ABEYSINGHE,COL/BSE/2324/F/213,HNDBSE,2025-09-15,2025-09-22
ASSIGNMENT,01,"INTRODUCTION TO THERMODYNAMICS ",,MR.G.A.S.PERERA,,,"PAST PAPER ANSWER SHEET 2023",D.M.N.NILMINI,COL/BSE/2324/F/216,HNDBSE,2025-09-15,2025-09-22
ASSIGNMENT,01,"INTRODUCTION TO THERMODYNAMICS ",,MR.G.A.S.PERERA,,,"PAST PAPER ANSWER SHEET 2023",D.M.N.NILMINI,"COL/BS  /2324/F/216",HNDBSE,2025-09-15,2025-09-22
ASSIGNMENT,01,"INTRODUCTION TO THERMODYNAMICS ",,MR.G.A.S.PERERA,,,"PAST PAPER ANSWER SHEET 2023",D.M.N.NILMINI,"COL/BS  /2324/F/216",HNDBSE,2025-09-15,2025-09-22
ASSIGNMENT,01,"INTRODUCTION TO THERMODYNAMICS ",,MR.G.A.S.PERERA,,,"PAST PAPER ANSWER SHEET 2023",D.M.N.NILMINI,"COL/BS /2324/F/216",HNDBSE,2025-09-15,2025-09-22
ASSIGNMENT,01,"IINTRODUCTION TO THERMODYNAMICS ",,MR.G.A.S.PERERA,,,"PAST PAPER ANSER SHEET 2023","R.M.H.N.Ranasingha ",COL/BSE/2324/F/024,HNDBSE,2025-09-15,2025-09-22
ASSIGNMENT,01,"IINTRODUCTION TO THERMODYNAMICS ",,MR.G.A.S.PERERA,,,"PAST PAPER ANSER SHEET 2023","R.M.H.N.Ranasingha ",COL/BSE/2324/F/024,HNDBSE,2025-09-15,2025-09-22
ASSIGNMENT,01,"NTRODUCTION TO THERMODYNAMICS",,G.A.S.PERERA,,,"PAST PAPER  ANSWER SHEET 2023",S.E.J.WIJENAYAKE,COL/BSE/2324/F/022,HNDBSE,2025-09-15,2025-09-22
ASSIGNMENT,01,,,,,,"Past peper answer sheet 2023",,Col/be/2324/f/220,HNDCE,,
ASSIGNMENT,01,"INTRODUCTION TO THERMODYNAMICS ",,"MR. G.A.S.PERERA",,,"PAST PAPER ANSWER SHEET 2023",W.H.L.VISMINI,COL/BSE/2324/F/016,HNDBSE,2025-09-15,2025-09-22
ASSIGNMENT,01,"Introduction to thermodynamics",,Mr.G.A.S.Perera,,,"Past peper answer sheet 2023",S.D.Gamage,Col/be/2324/f/220,HNDBSE,2025-09-21,2025-09-21
ASSIGNMENT,01,"INTRODUCTION TO THERMODYNAMICS ",,"MR. G.A.S.PERERA",,,"PAST PAPER ANSWER SHEET 2023",W.H.L.VISMINI,COL/BSE/2324/F/016,HNDBSE,2025-09-15,2025-09-22
ASSIGNMENT,01,"IINTRODUCTION TO THERMODYNAMICS ",,MR.G.A.S.PERERA,,,"PAST PAPER ANSER SHEET 2023","R.M.H.N.Ranasingha ",COL/BSE/2324/F/024,HNDBSE,2025-09-15,2025-09-22
ASSIGNMENT,01,"IINTRODUCTION TO THERMODYNAMICS ",,MR.G.A.S.PERERA,,,"PAST PAPER ANSER SHEET 2023","R.M.H.N.Ranasingha ",COL/BSE/2324/F/024,HNDBSE,2025-09-15,2025-09-22
ASSIGNMENT,01,"INTRODUCTION TO THERMODYNAMICS ",,"MR. G.A.S.PERERA",,,"PAST PAPER ANSWER SHEET 2023",W.H.L.VISMINI,COL/BSE/2324/F/016,HNDBSE,2025-09-15,2025-09-22
ASSIGNMENT,01,"INTRODUCTION TO THERMODYNAMICS ",,"MR. G.A.S.PERERA",,,"PAST PAPER ANSWER SHEET 2023",W.H.L.VISMINI,COL/BS/2324/F/016,HNDBSE,2025-09-15,2025-09-22
ASSIGNMENT,01,"INTRODUCTION TO THERMODYNAMICS ",,"MR. G.A.S.PERERA",,,"PAST PAPER ANSWER SHEET 2023",W.H.L.VISMINI,COL/BSE/2324/F/016,HNDBSE,2025-09-15,2025-09-22
ASSIGNMENT,01,"INTRODUCTION TO THERMODYNAMICS ",,"MR. G.A.S.PERERA",-,-,"PAST PAPER ANSWER SHEET 2023",W.H.L.VISMINI,COL/BS/2324/F/016,HNDBSE,2025-09-15,2025-09-22
ASSIGNMENT,01,"INTRODUCTION TO THERMODYNAMICS ",,"MR. G.A.S.PERERA",,,"PAST PAPER ANSWER SHEET 2023",W.H.L.VISMINI,COL/BSE/2324/F/016,HNDBSE,2025-09-15,2025-09-22
ASSIGNMENT,01,"INTRODUCTION TO THERMODYNAMICS ",,"MR. G.A.S.PERERA",,,"PAST PAPER ANSWER SHEET 2023",W.H.L.VISMINI,COL/BSE/2324/F/016,HNDBSE,2025-09-15,2025-09-22
ASSIGNMENT,01,"Introduction to Thermodynamics ",,G.A.S.Perera,"BSE 04",,"Past paper ","B.M.C.S.A.Balasooriya ",Col/bse/2324/f/026,HNDBSE,,
ASSIGNMENT,01,"Introduction to Thermodynamics ",,G.A.S.Perera,"BSE 04",,"Past paper ","B.M.C.S.A.Balasooriya ",Col/bse/2324/f/026,HNDBSE,,
ASSIGNMENT,01,"Introduction to Thermodynamics ",,G.A.S.Perera,"BSE 04",,"Past paper ","B.M.C.S.A.Balasooriya ",COL/BSE/2324/F/026,HNDBSE,,
ASSIGNMENT,01,"Introduction to Thermodynamics ",,G.A.S.Perera,"BSE 04",,"Past paper ","B.M.C.S.A.Balasooriya ",COL/BSE/2324/F/026,HNDBSE,,
ASSIGNMENT,01,"Introduction to thermodynamics",,MR.G.A.S.PERERA,,,"PAST PAPER ANSWER SHEET  2023",A.M.D.D.ABEYSINGHE,COL/BSE/2324/F/213,HNDBSE,2025-09-15,2025-09-22
ASSIGNMENT,01,"INTRODUCTION TO THERMODYNAMICS ",,MR.G.A.S.PERERA,,,"PAST PAPER ANSWER SHEET 2023","J.D.O.DIVYANJALI ",COL/BSE/2324/F/019,HNDBSE,2025-09-15,2025-09-22
ASSIGNMENT,01,"INTRODUCTION TO THERMODYNAMICS ",,MR.G.A.S.PERERA,,,"PAST PAPER ANSWER SHEET 2023","J.D.O.DIVYANJALI ",COL/BSE/2324/F/019,HNDBSE,2025-09-15,2025-09-22
ASSIGNMENT,01,"INTRODUCTION TO THERMODYNAMICS ",,MR.G.A.S.PERERA,,,"PAST PAPER ANSWER SHEET 2023","J.D.O.DIVYANJALI ",COL/BSE/2324/F/019,HNDBSE,2025-09-15,2025-09-22
ASSIGNMENT,01,"INTRODUCTION TO THERMODYNAMICS ",,MR.G.A.S.PERERA,,,"PAST PAPER ANSWER SHEET 2023","J.D.O.DIVYANJALI ",COL/BSE/2324/F/019,HNDBSE,2025-09-15,2025-09-22
ASSIGNMENT,01,"INTRODUCTION TO THERMODYNAMICS ",,MR.G.A.S.PERERA,,,"PAST PAPER ANSWER SHEET 2023","J.D.O.DIVYANJALI ",COL/BSE/2324/F/019,HNDBSE,2025-09-15,2025-09-22
ASSIGNMENT,01,"INTRODUCTION TO THERMODYNAMICS ",,MR.G.A.S.PERERA,,,"PAST PAPER ANSWER SHEET 2023","J.D.O.DIVYANJALI ",COL/BSE/2324/F/019,HNDBSE,2025-09-15,2025-09-22
ASSIGNMENT,01,"INTRODUCTION TO THERMODYNAMICS ",,MR.G.A.S.PERERA,,,"PAST PAPER ANSWER SHEET 2023","J.D.O.DIVYANJALI ",COL/BSE/2324/F/019,HNDBSE,2025-09-15,2025-09-22
ASSIGNMENT,01,"INTRODUCTION TO THERMODYNAMICS ",,MR.G.A.S.PERERA,,,"PAST PAPER ANSWER SHEET 2023","J.D.O.DIVYANJALI ",COL/BSE/2324/F/019,HNDBSE,2025-09-15,2025-09-22
ASSIGNMENT,01,"INTRODUCTION TO THERMODYNAMICS ",,MR.G.A.S.PERERA,,,"PAST PAPER ANSWER SHEET 2023","J.D.O.DIVYANJALI ",COL/BSE/2324/F/019,HNDBSE,2025-09-15,2025-09-22
ASSIGNMENT,01,"INTRODUCTION TO THERMODYNAMICS ",,MR.G.A.S.PERERA,,,"PAST PAPER ANSWER SHEET 2023","J.D.O.DIVYANJALI ",COL/BSE/2324/F/019,HNDBSE,2025-09-15,2025-09-22
ASSIGNMENT,01,"INTRODUCTION TO THERMODYNAMICS ",,MR.G.A.S.PERERA,,,"PAST PAPER ANSWER SHEET 2023","J.D.O.DIVYANJALI ",COL/BSE/2324/F/019,HNDBSE,2025-09-15,2025-09-22
ASSIGNMENT,01,"introduction to thermodynamics",,g.a.s.perera,,,"past paper answer sheet 2023",s.a.a.s.samaraweera,col/bse/2324/f/217,HNDBSE,2025-09-15,2025-09-22
ASSIGNMENT,01,"introduction to thermodynamics",,g.a.s.perera,,,"past paper answer sheet 2023",s.a.a.s.samaraweera,col/bse/2324/f/217,HNDBSE,2025-09-15,2025-09-22
ASSIGNMENT,01,"introduction to thermodynamics",,g.a.s.perera,,,"past paper answer sheet 2023",s.a.a.s.samaraweera,COL/BSE/2324/F/217,HNDBSE,2025-09-15,2025-09-22
ASSIGNMENT,01,"introduction to thermodynamics",,g.a.s.perera,,,"past paper answer sheet 2023",s.a.a.s.samaraweera,COL/BSE/2324/F/217,HNDBSE,2025-09-15,2025-09-22
ASSIGNMENT,01,"introduction to thermodynamics",,G.A.S.PERERA,,,"past paper answer sheet 2023",s.a.a.s.samaraweera,COL/BSE/2324/F/217,HNDBSE,2025-09-15,2025-09-22
ASSIGNMENT,01,"introduction to thermodynamics",,G.A.S.PERERA,,,"past paper answer sheet 2023",s.a.a.s.samaraweera,col/bse/2324/f/217,HNDBSE,2025-09-15,2025-09-22
ASSIGNMENT,01,"introduction to thermodynamics",,G.A.S.PERERA,,,"past paper answer sheet 2023",s.a.a.s.samaraweera,COL/BSE/2324/F/217,HNDBSE,2025-09-15,2025-09-22
ASSIGNMENT,01,"introduction to thermodynamics",,G.A.S.PERERA,,,"past paper answer sheet 2023",s.a.a.s.samaraweera,COL/BSE/2324/F/217,HNDBSE,2025-09-15,2025-09-22
ASSIGNMENT,01,"introduction to thermodynamics",,g.a.s.perera,,,"PAST PAPER ANSWER SHEET 2023",s.a.a.s.samaraweera,col/bse/2324/f/217,HNDBSE,2025-09-15,2025-09-22
ASSIGNMENT,01,"introduction to thermodynamics",,g.a.s.perera,,,"PAST PAPER ANSWER SHEET 2023",s.a.a.s.samaraweera,col/bse/2324/f/217,HNDBSE,2025-09-15,2025-09-22
ASSIGNMENT,01,"introduction to thermodynamics",,g.a.s.perera,,,"past paper answer sheet 2023",s.a.a.s.samaraweera,col/bse/2324/f/217,HNDBSE,2025-09-15,2025-09-22
ASSIGNMENT,01,"introduction to thermodynamics",,g.a.s.perera,,,"past paper answer sheet 2023",s.a.a.s.samaraweera,COL/BSE/2324/F/217,HNDBSE,2025-09-15,2025-09-22
ASSIGNMENT,01,"introduction to thermodynamics",,g.a.s.perera,BSE08,,"past paper answer sheet 2023",s.a.a.s.samaraweera,COL/BSE/2324/F/217,HNDBSE,2025-09-15,2025-09-22
ASSIGNMENT,01,"introduction to thermodynamics",,g.a.s.perera,BSE08,01,"past paper answer sheet 2023",s.a.a.s.samaraweera,COL/BSE/2324/F/217,HNDBSE,2025-09-15,2025-09-22
ASSIGNMENT,01,"Introduction to thermodynamics ",,"MR. shayan perera. ",,,"Past paper  Answer Sheet ","B. L. S. Vishwani",col/bse/2324/f/021,HNDBSE,2025-09-15,2025-09-22
ASSIGNMENT,01,"Introduction to thermodynamics ",,"MR. shayan perera. ",,,"Past paper  Answer Sheet ","B. L. S. Vishwani",col/bse/2324/f/021,HNDBSE,2025-09-15,2025-09-22
ASSIGNMENT,01,"Introduction to thermodynamics ",,"MR. shayan perera. ",,,"Past paper  Answer Sheet ","B. L. S. Vishwani",col/bse/2324/f/021,HNDBSE,2025-09-15,2025-09-22
ASSIGNMENT,01,"Introduction to thermodynamics ",,"MR. shayan perera. ",,,"Past paper  Answer Sheet ","B. L. S. Vishwani",COL/BSE/2324/F/021,HNDBSE,2025-09-15,2025-09-22
ASSIGNMENT,01,"Introduction to thermodynamics ",,"MR. Shayan Perea ",,,"Past paper Answer Sheet 2023","P.W. Siriwardhana ",COL/BSE/2324/F/030,HNDBSE,2025-09-15,2025-09-22
ASSIGNMENT,01,"Introduction to thermodynamics ",,"MR. Shayan Perea ",,,"Past paper Answer Sheet 2023","P.W. Siriwardhana ",COL/BSE/2324/F/030,HNDBSE,2025-09-15,2025-09-22
ASSIGNMENT,01,"Introduction to thermodynamics ",,"MR. Shayan Perea ",,,"Past paper Answer Sheet 2023","P.W. Siriwardhana ",COL/BSE/2324/F/030,HNDBSE,2025-09-15,2025-09-22
ASSIGNMENT,01,"Introduction to thermodynamics ",,"MR. Shayan Perea ",,,"Past paper Answer Sheet 2023","P.W. Siriwardhana ",COL/BSE/2324/F/030,HNDBSE,2025-09-15,2025-09-22
ASSIGNMENT,01,"Introduction to thermodynamics ",,"MR. Shayan Perea ",,,"Past paper Answer Sheet 2023","P.W. Siriwardhana ",COL/BSE/2324/F/030,HNDBSE,2025-09-15,2025-09-22
ASSIGNMENT,01,"Introduction to thermodynamics ",,"MR. Shayan Perea ",,,"Past paper Answer Sheet 2023","P.W. Siriwardhana ",COL/BS/2324/F/030,HNDBSE,2025-09-15,2025-09-22
ASSIGNMENT,01,"INTRODUCTION TO THERMODYNAMICS",,G.A.S.PERERA,,,"PAST PAPER ANSWER SHEET 2023",H.K.H.HANSAMALI,COL/BSE/2324/F/003,HNDBSE,2025-09-15,2025-09-22
ASSIGNMENT,01,"INTRODUCTION TO THERMODYNAMICS",,G.A.S.PERERA,,,"PAST PAPER ANSWER SHEET 2023",H.K.H.HANSAMALI,COL/BSE/2324/F/003,HNDBSE,2025-09-15,2025-09-22
ASSIGNMENT,01,"INTRODUCTION TO THERMODYNAMICS",,G.A.S.PERERA,,,"PAST PAPER ANSWER SHEET 2023",H.K.H.HANSAMALI,COL/BSE/2324/F/003,HNDBSE,2025-09-15,2025-09-22
ASSIGNMENT,01,"INTRODUCTION TO THERMODYNAMICS",,G.A.S.PERERA,,,"PAST PAPER ANSWER SHEET 2023",G.G.K.WEWEWATHTHA,COL/BSE/2324/F/201,HNDBSE,2025-09-15,2025-09-22
ASSIGNMENT,01,"INTRODUCTION TO THERMODYNAMICS",,G.A.S.PERERA,,,"PAST PAPER ANSWER SHEET 2023",G.G.K.WEWEWATHTHA,COL/BSE/2324/F/201,HNDBSE,2025-09-15,2025-09-22
ASSIGNMENT,01,"INTRODUCTION TO THERMODYNAMICS",,G.A.S.PERERA,,,"PAST PAPER ANSWER SHEET 2023",G.G.K.WEWEWATHTHA,COL/BSE/2324/201,HNDBSE,2025-09-15,2025-09-22
ASSIGNMENT,01,"INTRODUCTION TO THERMODYNAMICS",,G.A.S.PERERA,,,"PAST PAPER ANSWER SHEET 2023",G.G.K.WEWEWATHTHA,COL/BSE/2324/201,HNDBSE,2025-09-15,2025-09-22
ASSIGNMENT,01,"INTRODUCTION TO THERMODYNAMICS",,G.A.S.PERERA,,,"PAST PAPER ANSWER SHEET 2023",G.G.K.WEWEWATHTHA,COL/BSE/2324/201,HNDBSE,2025-09-15,2025-09-22
ASSIGNMENT,01,"INTRODUCTION TO THERMOYANAMICS",,"C A S PERERA",,,"PAST PAPER ANSWER SHEET 2023",,COL/BSE/2324/F/019,HNDCE,,
ASSIGNMENT,01,"INTRODUCTION TO THERMOYANAMICS",,"C A S PERERA",,,"PAST PAPER ANSWER SHEET 2023",J.D.O.DIVYANJALI,COL/BSE/2324/F/019,HNDBSE,2025-09-15,2025-09-22
ASSIGNMENT,01,"INTRODUCTION TO THERMOYANAMICS",,"C A S PERERA",,,"PAST PAPER ANSWER SHEET 2023",J.D.O.DIVYANJALI,COL/BSE/2324/F/019,HNDBSE,2025-09-15,2025-09-22
ASSIGNMENT,01,"INTRODUCTION TO THERMOYANAMICS",,"C A S PERERA",,,"PAST PAPER ANSWER SHEET 2023",J.D.O.DIVYANJALI,COL/CE/2324/F/019,HNDBSE,2025-09-15,2025-09-22
ASSIGNMENT,01,"INTRODUCTION TO THERMODYNAMICS",,G.A.S.PERERA,,,"PAST PAPER ANSWER SHEET 2023",H.K.H.HANSAMALI,COL/BSE/2324/F/003,HNDBSE,2025-09-15,2025-09-22
ASSIGNMENT,01,"INTRODUCTION TO THERMODYNAMICS ",,"MR.C A S PERERA",,,"PAST PAPER ANSWER 2023","J.D.O.DIVYANJALI ",COL/BSE/2324/F/019,HNDCE,2025-09-15,2025-09-22
ASSIGNMENT,01,"INTRODUCTION TO THERMODYNAMICS ",,"Mr. G.A.S. PERERA ",,,"PAST PAPER ANSWER SHEET - 2023","H.P.WITHANAGE ",COL/BSE/2324/F/202,HNDBSE,2025-09-15,2025-09-22
ASSIGNMENT,01,"INTRODUCTION TO THERMODYNAMICS ",,"Mr. G.A.S. PERERA ",,,"PAST PAPER ANSWER SHEET - 2023","H.P.WITHANAGE ",COL/BSE/2324/F/202,HNDBSE,2025-09-15,2025-09-22
ASSIGNMENT,01,"INTRODUCTION TO THERMODYNAMICS ",,"Mr. G.A.S. PERERA ",,,"PAST PAPER ANSWER SHEET - 2023","H.P.WITHANAGE ",COL/BSE/2324/F/202,HNDBSE,2025-09-15,2025-09-22
ASSIGNMENT,01,"INTRODUCTION TO THERMODYNAMICS ",,"Mr. G.A.S. PERERA ",,,"PAST PAPER ANSWER SHEET - 2023","H.P.WITHANAGE ",COL/BSE/2324/F/202,HNDBSE,2025-09-15,2025-09-22
ASSIGNMENT,01,"INTRODUCTION TO THERMODYNAMICS ",,"Mr. G.A.S. PERERA ",,,"PAST PAPER ANSWER SHEET - 2023","H.P.WITHANAGE ",COL/BSE/2324/F/202,HNDBSE,2025-09-15,2025-09-22
ASSIGNMENT,01,"INTRODUCTION TO THERMODYNAMICS ",,"Mr. G.A.S. PERERA ",,,"PAST PAPER ANSWER SHEET - 2023","H.P.WITHANAGE ",COL/BSE/2324/F/202,HNDBSE,2025-09-15,2025-09-22
ASSIGNMENT,01,"INTRODUCTION TO THERMODYNAMICS ",,"Mr. G.A.S. PERERA ",,,"PAST PAPER ANSWER SHEET - 2023","H.P.WITHANAGE ",COL/BSE/2324/F/202,HNDBSE,2025-09-15,2025-09-22
ASSIGNMENT,01,"INTRODUCTION TO THERMODYNAMICS ",,"Mr. G.A.S. PERERA ",,,"PAST PAPER ANSWER SHEET - 2023","H.P.WITHANAGE ",COL/BE/2324/F/202,HNDBSE,2025-09-15,2025-09-22
ASSIGNMENT,01,"INTRODUCTION TO  THERMODYNAMICS",,"MR.C.A.S. PERERA",,,"PAST PAPER  ANSWER SHEET 2023",J.D.O.DIVYANJALI,COL/BSE/2324/F/019,HNDCE,2025-09-15,2025-09-22
ASSIGNMENT,01,"INTRODUCTION TO  THERMODYNAMICS",,"MR.C.A.S. PERERA",,,"PAST PAPER  ANSWER SHEET 2023",J.D.O.DIVYANJALI,COL/SE/2324/F/019,HNDCE,2025-09-15,2025-09-22
ASSIGNMENT,01,"INTRODUCTION TO  THERMODYNAMICS",,"MR.C.A.S. PERERA",,,"PAST PAPER  ANSWER SHEET 2023",J.D.O.DIVYANJALI,COL/SE/2324/F/019,HNDCE,2025-09-15,2025-09-22
ASSIGNMENT,01,"INTRODUCTION TO  THERMODYNAMICS",,"MR.C.A.S. PERERA",,,"PAST PAPER  ANSWER SHEET 2023",J.D.O.DIVYANJALI,COL/BSE/2324/F/019,HNDCE,2025-09-15,2025-09-22
ASSIGNMENT,01,"INTRODUCTION TO  THERMODYNAMICS",,"MR.C.A.S. PERERA",,,"PAST PAPER  ANSWER SHEET 2023",J.D.O.DIVYANJALI,COL/BSE/2324/F/019,HNDCE,2025-09-15,2025-09-22
ASSIGNMENT,01,"INTRODUCTION TO  THERMODYNAMICS",,"MR.C.A.S. PERERA",,,"PAST PAPER  ANSWER SHEET 2023",J.D.O.DIVYANJALI,COL/BSE/2324/F/019,HNDCE,2025-09-15,2025-09-22
ASSIGNMENT,01,"INTRODUCTION TO  THERMODYNAMICS",,"MR.C.A.S. PERERA",,,"PAST PAPER  ANSWER SHEET 2023",J.D.O.DIVYANJALI,COL/BSE/2324/F/019,HNDCE,2025-09-15,2025-09-22
ASSIGNMENT,01,"INTRODUCTION TO  THERMODYNAMICS",,"MR.C.A.S. PERERA",,,"PAST PAPER  ANSWER SHEET 2023",J.D.O.DIVYANJALI,COL/BSE/2324/F/019,HNDCE,2025-09-15,2025-09-22
ASSIGNMENT,01,"INTRODUCTION TO  THERMODYNAMICS",,"MR.C.A.S. PERERA",,,"PAST PAPER  ANSWER SHEET 2023",J.D.O.DIVYANJALI,COL/BSE/2324/F/019,HNDCE,2025-09-15,2025-09-22
ASSIGNMENT,01,"INTRODUCTION TO  THERMODYNAMICS",,"MR.C.A.S. PERERA",,,"PAST PAPER  ANSWER SHEET 2023",J.D.O.DIVYANJALI,COL/BSE/2324/F/019,HNDCE,2025-09-15,2025-09-22
ASSIGNMENT,01,"INTRODUCTION TO  THERMODYNAMICS",,"MR.C.A.S. PERERA",,,"PAST PAPER  ANSWER SHEET 2023",J.D.O.DIVYANJALI,COL/SE/2324/F/019,HNDCE,2025-09-15,2025-09-22
ASSIGNMENT,01,"Introduction to thermodynamics ",,"MR. Shayan Perera",,,"Past paper Answers 2023","P.W. Siriwardhana ",COL/BSE/2324/F/030,HNDBSE,2025-09-15,2025-09-22
ASSIGNMENT,01,"ytryr rur yru r rt urt urur",,etrytryt,ytry,"011,24,065","trytr ryrtyryrtyr","frrer eterter",col/bse/col/2020/f/053,HNDCE,,
ASSIGNMENT,01,"ytryr rur yru r rt urt urur",,etrytryt,ytry,"011,24,065","trytr ryrtyryrtyr","frrer eterter",col/bse/2020/f/053,HNDCE,,
ASSIGNMENT,01,"ytryr rur yru r rt urt urur",,etrytryt,ytry,"011,24,065","trytr ryrtyryrtyr","frrer eterter",col/be/2020/f/053,HNDCE,,
ASSIGNMENT,01,"Introduction to thermodynamics",,MR.G.A.S.PERERA,,,"PAST PAPER ANSWER SHEET 2023",A.M.D.D.ABEYSINGHE,COL/BSE/2324/F/213,HNDBSE,2025-09-15,2025-09-22
ASSIGNMENT,01,"Introduction to thermodynamics",,MR.G.A.S.PERERA,,,"PAST PAPER ANSWER SHEET 2023",M.M.C.MADABAWITA,COL/BSE/2324/F/203,HNDBSE,2025-09-15,2025-09-22
ASSIGNMENT,01,"Introduction to thermodynamics",,MR.G.A.S.PERERA,,,"2023 PAST PAPER ANSWER SHEET ",M.M.C.MADABAWITA,COL/BSE/2324/F/203,HNDBSE,2025-09-15,2025-09-22
ASSIGNMENT,01,"INTRODUCTION TO THERMODYNAMICS ",,"MR.G.A.S.PERERA ",,,"PAST PAPER ANSWER SHEET 2023","G.U.HATHURUSINGHA ",COL/BSE/2324/F/039,HNDBSE,2025-09-15,2025-09-22
ASSIGNMENT,01,"INTRODUCTION TO THERMODYNAMICS ",,MR.G.A.S.PERERA,,,"PAST PAPER  ANSWER SHEET 2023",A.M.N.C.ADHIKARI,COL/BSE/2324/F/230,HNDBSE,2025-09-15,2025-09-22
ASSIGNMENT,01,"INTRODUCTION TO THERMODYNAMICS",,"MR.G.A.S.PERERA ",,,"PAST PAPER ANSWER SHEET - 2023 ","G.U.HATHURUSINGHA ",COL/BSE/2324/F/039,HNDBSE,2025-09-15,2025-09-22
ASSIGNMENT,01,"INTRODUCTION TO THERMODYNAMICS ",,MR.G.A.S.PERERA,,,"PAST PAPER  ANSWER SHEET 2023","N.A.P.K.NANAYAKKARA ",COL/BSE/2324/F/228,HNDBSE,2025-09-15,2025-09-22
ASSIGNMENT,01,"IINTRODUCTION TO THERMODYNAMICS ",,MR.G.A.S.PERERA,,,"PAST PAPER ANSER SHEET 2023","R.M.H.N.Ranasingha ",COL/BSE/2324/F/024,HNDBSE,2025-09-15,2025-09-22
ASSIGNMENT,01,"IINTRODUCTION TO THERMODYNAMICS ",,MR.G.A.S.PERERA,,,"PAST PAPER ANSWER SHEET 2023","R.M.H.N.Ranasingha ",COL/BSE/2324/F/024,HNDBSE,2025-09-15,2025-09-22
ASSIGNMENT,01,"INTRODUCTION TO THERMODYNAMICS ",,MR.G.A.S.PERERA,,,"PAST PAPER ANSWER SHEET 2023","R.M.H.N.Ranasingha ",COL/BSE/2324/F/024,HNDBSE,2025-09-15,2025-09-22
ASSIGNMENT,01,"INTRODUCTION TO THERMODYNAMICS ",,"MR. G.A.S.PERERA",,,"PASS PAPER ANSWER SHEET 2023",W.H.L.VISMINI,COL/BSE/2324/F/016,HNDBSE,2025-09-15,2025-09-22
ASSIGNMENT,01,"INTRODUCTION TO THERMODYNAMICS ",,MR.G.A.S.PERERA,,,"PAST PAPER ANSWER SHEET 2023",D.M.N.NILMINI,COL/BSE/2324/F/216,HNDBSE,2025-09-15,2025-09-22
ASSIGNMENT,01,"INTRODUCTION TO THERMODYNAMICS ",,MR.G.A.S.PERERA,,,"PAST PAPER ANSWER SHEET 2023",D.M.N.NILMINI,COL/BSE/2324/F/216,HNDBSE,2025-09-15,2025-09-22
ASSIGNMENT,01,"INTRODUCTION TO THERMODYNAMICS ",,MR.G.A.S.PERERA,,,"2023 PAST PAPER ANSWER SHEET ",D.M.N.NILMINI,COL/BSE/2324/F/216,HNDBSE,2025-09-15,2025-09-22
ASSIGNMENT,01,"INTRODUCTION TO THERMODYNAMICS",,G.A.S.PERERA,,,"PAST PAPER ANSWER SHEET 2023",H.K.H.HANSAMALI,COL/BSE/2324/F/003,HNDBSE,2025-09-15,2025-09-22
ASSIGNMENT,01,"INTRODUCTION TO THERMODYNAMICS",,G.A.S.PERERA,,,"PAST PAPER ANSWER SHEET 2023",G.G.K.WEWEWATHTHA,COL/BSE/2324/F/201,HNDBSE,2025-09-15,2025-09-22
ASSIGNMENT,01,"INTRODUCTION TO THERMODYNAMICS ",,"MR.C.A.S PERERA",,,"PAST PAPER ANSWER 2023","J.D.O.DIVYANJALI ",COL/BSE/2324/F/019,HNDBSE,2025-09-15,2025-09-22
ASSIGNMENT,01,"INTRODUCTION TO THERMODYNAMICS",,G.A.S.PERERA,,,"PAST PAPER ANSWER SHEET 2023",G.G.K.WEWEWATHTHA,COL/BSE/2324/F/201,HNDBSE,2025-09-15,2025-09-22
ASSIGNMENT,01,"INTRODUCTION TO THERMODYNAMICS",,G.A.S.PERERA,,,"PAST PAPER ANSWER SHEET 2023",G.G.K.WEWEWATHTHA,COL/BSE/2324/F/201,HNDBSE,2025-09-15,2025-09-22
ASSIGNMENT,01,"Introduction to thermodynamics",,MR.G.A.S.PERERA,,,"PAST PAPER 2023",M.M.C.MADABAWITA,COL/BSE/2324/F/203,HNDBSE,2025-09-15,2025-09-22
ASSIGNMENT,01,"Introduction to thermodynamics",,MR.G.A.S.PERERA,,,"PAST PAPER 2023",A.M.D.D.ABEYSINGHE,COL/BSE/2324/F/213,HNDBSE,2025-09-15,2025-09-22
ASSIGNMENT,01,"Introduction to thermodynamics",,MR.G.A.S.PERERA,,,"PAST PAPER 2023",E.M.V.S.EKANAYAKE,COL/BSE/2324/F/210,HNDBSE,2025-09-15,2025-09-22
ASSIGNMENT,01,"Introduction to thermodynamics",,MR.G.A.S.PERERA,,,"PAST PAPER 2023",D.M.H.C.DISSANAYAKA,COL/BSE/2324/F/041,HNDBSE,2025-09-15,2025-09-22
ASSIGNMENT,01,"Introduction to thermodynamics ",,,,,"past paper answer sheet 2023","G.A.S perera",Col/bse/2324/f/214,HNDBSE,2025-09-15,2025-09-22
ASSIGNMENT,01,"Introduction to thermodynamics ",,"Mr. G.a.s perera",,,"past paper answer sheet 2023","k.d.s lalithya",Col/bse/2324/f/214,HNDBSE,2025-09-15,2025-09-22
ASSIGNMENT,01,"Introduction to thermodynamics ",,"Mr. G.a.s perera",,,"past paper answer sheet 2023","k.d.s lalithya",Col/bse/2324/f/214,HNDBSE,2025-09-15,2025-09-22
ASSIGNMENT,01,"Introduction to thermodynamics ",,"Mr. G.a.s perera",,,"past paper answer sheet 2023","k.d.s lalithya",Col/bse/2324/f/214,HNDBSE,2025-09-15,2025-09-22
ASSIGNMENT,01,"Introduction to thermodynamics ",,"Mr. G.a.s perera",,,"past paper answer sheet - 2023","k.d.s lalithya",Col/bse/2324/f/214,HNDBSE,2025-09-15,2025-09-22
ASSIGNMENT,01,"Introduction to thermodynamics ",,"Mr. G.a.s perera",,,"2023 past paper answer sheet ","k.d.s lalithya",Col/bse/2324/f/214,HNDBSE,2025-09-15,2025-09-22
ASSIGNMENT,01,"Introduction to thermodynamics ",,"Mr. G.a.s perera",,,"Past paper aanswer sheet 2023","k.d.s lalithya",Col/bse/2324/f/214,HNDBSE,2025-09-15,2025-09-22
ASSIGNMENT,01,"Introduction to thermodynamics ",,"Mr.shayan perera ",,,"Past paper answer sheet 2023","R.a.m.s.deshanjali ",Col/bse/2324/f/029,HNDBSE,2025-09-15,2025-09-22
ASSIGNMENT,01,"Introduction to thermodynamics ",,"Mr.shayan perera ",,,"Past paper answer sheet 2023",R.m.s.n.rathnayake,Col/bse/2324/f/211,HNDBSE,2025-09-15,2025-09-22
ASSIGNMENT,01,"Introduction to thermodynamics ",,"Mr.shayan perera ",,,"Past paper answer sheet 2023","K.g.n.d.kodithuwakku ",Col/bse/2324/f/009,HNDBSE,2025-09-15,2025-09-22
ASSIGNMENT,01,"Introduction to thermodynamics ",,"Mr.shayan perera ",,,"Past paper answer sheet 2023","D.t.a.liyanage ",Col/bse/2324/f/032,HNDBSE,2025-09-15,2025-09-22
ASSIGNMENT,01,"Introduction to thermodynamics ",,"MR. Shayan Perera ",,,"Past paper Answer Sheet 2023",P.W.Siriwardhana,COL/BSE/2324/F/030,HNDBSE,2025-09-15,2025-09-22
ASSIGNMENT,01,"Introduction to thermodynamics ",,"Mr.shayan perera ",,,"Past paper answer sheet 2023","R.a.m.s.deshanjali ",Col/bse/2324/f/029,HNDBSE,2025-09-15,2025-09-22
ASSIGNMENT,01,"Thermodynamics and fluid mechanics",,"G.a.s perera",,,"Past paper answer 2023","k.d.s lalithya",Col/bse/2022/f/214,HNDBSE,2025-09-15,2025-09-22
ASSIGNMENT,01,"Thermodynamics and fluid mechanics",,"G.a.s perera",,,"Past paper answer 2023","k.d.s lalithya",Col/bse/2324/f/214,HNDBSE,2025-09-15,2025-09-22
ASSIGNMENT,01,"Thermodynamics and fluid mechanics ",,"MR. Shayan perera",,,"Exam answer sheet 2023","P.W.Siriwardhana ",COL/BSE/2324/F/030,HNDBSE,2025-09-15,2025-09-22
ASSIGNMENT,01,"Introduction to thermodynamics ",,"Mr. G.a.s perera",,,"Past paper aanswer sheet 2023","J.a.r prasanjana",Col/bse/2324/f/214,HNDBSE,2025-09-15,2025-09-22
ASSIGNMENT,01,"Introduction to thermodynamics ",,"Mr. G.a.s perera",,,"Past paper answer sheet 2023","J.a.r prasanjana",Col/bse/2324/f/214,HNDBSE,2025-09-15,2025-09-22
ASSIGNMENT,01,"Introduction to thermodynamics ",,"Mr. G.a.s perera",,,"Past paper answer sheet 2023","E.M.S.V.S. EKANAYAKA",Col/bse/2324/f/210,HNDBSE,2025-09-15,2025-09-22
ASSIGNMENT,01,"Introduction to thermodynamics ",,"Mr. G.a.s perera",,,"Past paper answer sheet 2023","J.a.r prasanjana",Col/bse/2324/f/209,HNDBSE,2025-09-15,2025-09-22
ASSIGNMENT,01,"Thermodynamics and fluid mechanics ",,G.A.S.perera,,,"Past paper answer 2023",U.r.g.s.bandara,Col/bse/2324/f/211,HNDBSE,2025-09-15,2025-09-22
ASSIGNMENT,01,"Thermodynamics and fluid mechanics",,"Mr. G.a.s perera",,,"past paper answer 2023","g.a.r prasanjana",Col/bse2324/209,HNDBSE,2025-09-15,2025-09-22
ASSIGNMENT,01,"Thermodynamics and fluid mechanics",,"Mr. G.a.s perera",,,"past paper answer 2023","g.a.r prasanjana",Col/bse/2324/209,HNDBSE,2025-09-15,2025-09-22
ASSIGNMENT,01,"Thermodynamics and fluid mechanics",,"Mr. G.a.s perera",,,"past paper answer 2023","g.a.r prasanjana",Col/bse/2324/f/209,HNDBSE,2025-09-15,2025-09-22
ASSIGNMENT,01,"Thermodynamics and fluid mechanics",,"Mr. G.a.s perera",,,"past paper answer 2023","K.d.s lalithya",Col/bse/2324/f/214,HNDBSE,2025-09-15,2025-09-22
ASSIGNMENT,01,"Thermodynamics and fluid mechanics ",,G.a.s.perera,,,"Past paper answer 2023","U.r.g.s. Bandara",col/bse/2324/f/212,HNDBSE,2025-09-15,2025-09-22
ASSIGNMENT,01,"Thermodynamics and fluid mechanics",,"Mr. G.a.s perera",,,"past paper answer 2023","E.M.S.V.S. EKANAYAKA",Col/bse/2324/f/210,HNDBSE,2025-09-15,2025-09-22
ASSIGNMENT,01,"Thermodynamics and fluid mechanics ",,G.a.s.perera,,,"Past paper answer 2023",A.m.d.d.abeysinghe,col/bse/2324/f/213,HNDBSE,2025-09-15,2025-09-22
ASSIGNMENT,01,"Thermodynamics and fluid mechanics",,"Mr. G.a.s perera",,,"past paper answer 2023","R.M.S.S.N. RATHNAYAKE",Col/bse/2324/f/209,HNDBSE,2025-09-15,2025-09-22
ASSIGNMENT,01,"Thermodynamics and fluid mechanics",,"Mr. G.a.s perera",,,"past paper answer 2023","R.M.S.S.N. RATHNAYAKE",Col/bse/2324/f/211,HNDBSE,2025-09-15,2025-09-22
ASSIGNMENT,01,"Thermodynamics and fluid mechanics",,"Mr. G.a.s perera",,,"past paper answer 2023","J.A.r prasanjana",Col/bse/2324/f/209,HNDBSE,2025-09-15,2025-09-22
ASSIGNMENT,01,"Thermodynamics and fluid mechanics ",,G.a.s.perera,,,"Past paper answer 2023",D.b.n.c.bandara,col/bse/2324/f/204,HNDBSE,2025-09-15,2025-09-22
ASSIGNMENT,01,"Thermodynamics and fluid mechanics ",,G.a.s.perera,,,"Past paper answer 2023","E.m.v.s. Ekanayaka",col/bse/2324/f/210,HNDBSE,2025-09-15,2025-09-22
ASSIGNMENT,01,"Introduction to thermodynamics",,MR.G.A.S.PERERA,,,"PAST PAPER 2023",J.A.R.PRASANJANA,COL/BSE/2324/F/209,HNDBSE,2025-09-15,2025-09-22
ASSIGNMENT,01,"INTRODUCTION TO THERMODYNAMICS",,"MR. G A S PERERA",,,"PAST PAPER ANSWER SHEET 2023","M.B.M MUFASSIR",COL/BSE/2324/F/227,HNDBSE,2025-09-15,2025-09-22
ASSIGNMENT,01,"Introduction to thermodynamics",,MR.G.A.S.PERERA,,,"PAST PAPER 2023",D.B.N.C.BANDARA,COL/BSE/2324/F/204,HNDBSE,2025-09-15,2025-09-22
ASSIGNMENT,01,"NTRODUCTION TO THERMODYNAMICS",,G.A.S.PERERA,,,"PAST PAPER  ANSWER SHEET 2023",S.E.J.WIJENAYAKE,COL/BSE/2324/F/022,HNDBSE,2025-09-15,2025-09-22
ASSIGNMENT,01,"NTRODUCTION TO THERMODYNAMICS",,MR.G.A.S.PERERA,,,"PAST PAPER  ANSWER SHEET 2023",S.E.J.WIJENAYAKE,COL/BSE/2324/F/022,HNDBSE,2025-09-15,2025-09-22
ASSIGNMENT,01,"INTRODUCTION TO THERMODYNAMICS",,MR.G.A.S.PERERA,,,"PAST PAPER  ANSWER SHEET 2023",S.E.J.WIJENAYAKE,COL/BSE/2324/F/022,HNDBSE,2025-09-15,2025-09-22
ASSIGNMENT,01,"Introduction to Thermodynamics",,Mr.G.A.S.Perera,Bs06,"201,202,203,204,206,207","Past paper andwers",W.C.N.Silva,COL/BSE/2324/F/206,HNDBSE,2025-09-15,2025-09-22
ASSIGNMENT,01,"Introduction to Thermodynamics",,Mr.G.A.S.Perera,Bs06,"201,202,203,204,206,207","Past paper answers",W.C.N.Silva,COL/BSE/2324/F/206,HNDBSE,2025-09-15,2025-09-22
ASSIGNMENT,01,"THERMODYNAMICS AND FLUID MECHANICS",,MR.G.A.S.PERERA,,,"PAST PAPER  ANSWER SHEET 2023",S.E.J.WIJENAYAKE,COL/BSE/2324/F/022,HNDBSE,2025-09-15,2025-09-22
ASSIGNMENT,01,"THERMODYNAMICS AND FLUID MECHANICS",,MR.G.A.S.PERERA,,,"PAST PAPER  ANSWER SHEET 2023",B.L.S.WISHWANI,COL/BSE/2324/F/021,HNDBSE,2025-09-15,2025-09-22
ASSIGNMENT,01,"Thermodynamics and Fluid Mechanics",,Mr.G.A.S.Perera,,,"Past paper answer sheet 2023",G.D.S.Y.GAMAETHIGE,COL/BSE/2324/F/004,HNDBSE,2025-09-15,2025-09-22
ASSIGNMENT,01,"Thermodynamics and Fluid Mechanics",,Mr.G.A.S.Perera,,,"2023 Past paper answer sheet ",G.D.S.Y.GAMAETHIGE,COL/BSE/2324/F/004,HNDBSE,2025-09-15,2025-09-22
ASSIGNMENT,01,"Thermodynamics and Fluid Mechanics",,Mr.G.A.S.Perera,,," Pastpaperanswersheet2023",G.D.S.Y.GAMAETHIGE,COL/BSE/2324/F/004,HNDBSE,2025-09-15,2025-09-22
ASSIGNMENT,01,"Thermodynamics and Fluid Mechanics",,Mr.G.A.S.Perera,,," Pastpaper2023",G.D.S.Y.GAMAETHIGE,COL/BSE/2324/F/004,HNDBSE,2025-09-15,2025-09-22
ASSIGNMENT,01,"Thermodynamics and Fluid Mechanics",,Mr.G.A.S.Perera,,," Past paper 2023",G.D.S.Y.GAMAETHIGE,COL/BSE/2324/F/004,HNDBSE,2025-09-15,2025-09-22
ASSIGNMENT,01,"Thermodynamics and Fluid Mechanics",,Mr.G.A.S.Perera,bs01,,"Past paper 2023",G.D.S.Y.GAMAETHIGE,COL/BSE/2324/F/004,HNDBSE,2025-09-15,2025-09-22
ASSIGNMENT,01,"Thermodynamics and Fluid Mechanics",,Mr.G.A.S.Perera,Bs06,,"Past paper 2023",W.C.N.Silva,COL/BSE/2324/F/206,HNDBSE,2025-09-15,2025-09-22
ASSIGNMENT,01,"Thermodynamics and fluid mechanics ",,"Mr.G.A.S. Perera",,,"2023 past paper answer sheet","H.S. KAWYA MALSHANI",COL/BSE/2324/F/018,HNDBSE,2025-09-15,2025-09-22
ASSIGNMENT,01,"Thermodynamics and fluid mechanics ",,"Mr.G.A.S. Perera",,,"past paper answer sheet 2023","H.S. KAWYA MALSHANI",COL/BSE/2324/F/018,HNDBSE,2025-09-15,2025-09-22
ASSIGNMENT,01,"Thermodynamics and fluid mechanics ",,"Mr. G.a.s. Perera",,,"Past paper answer sheet","H.s.Kawya malshani",Col/bse/2324/f/018,HNDBSE,2025-09-15,2025-09-22
ASSIGNMENT,01,"Thermodynamics and fluid mechanics ",,"Mr. G.a.s. Perera",,,"Past paper answer sheet","B.m.c.s.a. Balasooriya",Col/bse/2324/f/026,HNDBSE,2025-09-15,2025-09-22
ASSIGNMENT,01,"Thermodynamics and fluid mechanics",,Mr.g.a.s.perera,,,"Past paper answer - 2023","D.s.p.d thathsarani",Col/bse/2324/f/031,HNDBSE,2025-09-15,2025-09-22
ASSIGNMENT,01,"Thermodynamics and fluid mechanics",,Mr.g.a.s.perera,,,"Past paper answer - 2023","R.a.m.s.deshanjali ",Col/bse/2324/f/029,HNDBSE,2025-09-15,2025-09-22
ASSIGNMENT,01,"Introduction to thermodynamics",,G.A.S.Perera,,,,H.M.M.D.Herath,Col/bse/2324/f/239,HNDCE,2025-09-15,2025-09-22
ASSIGNMENT,01,"Thermodynamics and fluid mechanics",,Mr.g.a.s.perera,,,"Past paper answer - 2023","K.g.n.d.kodithuwakku ",Col/bse/2324/f/009,HNDBSE,2025-09-15,2025-09-22
ASSIGNMENT,01,"Introduction to thermodynamics",,G.A.S.Perera,,,"Past paper answer sheet 2023",H.M.M.D.Herath,Col/bse/2324/f/239,HNDCE,2025-09-15,2025-09-22
ASSIGNMENT,01,"Thermodynamics and fluid mechanics",,Mr.g.a.s.perera,,,"Past paper answer - 2023","D.t.a.liyanage ",Col/bse/2324/f/032,HNDBSE,2025-09-15,2025-09-22
ASSIGNMENT,01,"Introduction to thermodynamics",,G.A.S.Perera,,,"Past paper answer sheet 2023",H.M.M.D.Herath,Col/bse/2324/f/239,HNDBSE,2025-09-15,2025-09-22
ASSIGNMENT,01,"Introduction to thermodynamics",,G.A.S.Perera,,,"Past paper answer sheet        2023",H.M.M.D.Herath,Col/bse/2324/f/239,HNDBSE,2025-09-15,2025-09-22
ASSIGNMENT,01,"Thermodynamics and Fluid Mechanics ",,MR.G.A.S.PERERA,,,"PAST PAPER ANSWER SHEET 2023",A.M.N.C.ADHIKARI,COL/BSE/2324/F/230,HNDBSE,2025-09-15,2025-09-22
ASSIGNMENT,01,"Thermodynamics and Fluid Mechanics ",,MR.G.A.S.PERERA,,,"PAST PAPER ANSWER SHEET 2023","N.A.P.K.NANAYAKKARA ",COL/BSE/2324/F/228,HNDBSE,2025-09-15,2025-09-22
ASSIGNMENT,01,"Thermodynamics and Fluid Mechanics ",,MR.G.A.S.PERERA,,,"PAST PAPER ANSWER SHEET 2023",G.H.U.HATHURUSINGHE,COL/BSE/2324/F/039,HNDBSE,2025-09-15,2025-09-22
ASSIGNMENT,01,"Thermodynamics and Fluid Mechanics ",,MR.G.A.S.PERERA,,,"PAST PAPER ANSWER SHEET 2023",L.S.S.WEERASINGHE,COL/BSE/2324/F/233,HNDBSE,2025-09-15,2025-09-22
ASSIGNMENT,01,"Thermodynamics and Fluid Mechanics ",,MR.G.A.S.PERERA,,,"PAST PAPER ANSWER SHEET 2023",H.S.U.HETTIARACHCHI,COL/BSE/2324/F/231,HNDBSE,2025-09-15,2025-09-22
ASSIGNMENT,01,"Thermodynamics and Fluid Mechanics ",,MR.G.A.S.PERERA,,,"PAST PAPER ANSWER SHEET 2023",H.S.U.HETTIARACHCHI,COL/BSE/2324/F/231,HNDBSE,2025-09-15,2025-09-22
ASSIGNMENT,01,"Thermodynamics and Fluid Mechanics ",,MR.G.A.S.PERERA,,,"PAST PAPER ANSWER SHEET 2023",H.M.M.D.HERATH,COL/BSE/2324/F/239,HNDBSE,2025-09-15,2025-09-22
ASSIGNMENT,01,"THERMODYNAMICS AND FLUID MECHANICS",,"G.A.S.PERERA ",09,"224,226,227,228,229,230,231,232","PAST PAPER ANSWER SHEET 2023","M.A.A.AHMATH ",COL/BSE/2324/F/229,HNDBSE,2025-09-15,2025-09-22
ASSIGNMENT,01,"THERMODYNAMICS AND FLUID MECHANICS",,MR.G.A.S.PERERA,,,"PAST PAPER ANSWER SHEET 2023",M.M.C.MADABAWITA,COL/BSE/2324/F/203,HNDBSE,2025-09-15,2025-09-22
ASSIGNMENT,01,"THERMODYNAMICS AND FLUID MECHANICS",,MR.G.A.S.PERERA,,,"PAST PAPER ANSWER SHEET 2023",M.M.C.MADABAWITA,COL/BSE/2324/F/203,HNDBSE,2025-09-15,2025-09-22
ASSIGNMENT,01,"THERMODYNAMICS AND FLUID MECHANICS",,MR.G.A.S.PERERA,,,"PAST PAPER ANSWER SHEET 2023",A.M.D.D.ABEYSINGHE,COL/BSE/2324/F/213,HNDBSE,2025-09-15,2025-09-22
ASSIGNMENT,01,"THERMODYNAMICS AND FLUID MECHANICS",,MR.G.A.S.PERERA,,,"PAST PAPER ANSWER SHEET 2023",E.M.V.S.EKANAYAKA,COL/BSE/2324/F/210,HNDBSE,2025-09-15,2025-09-22
ASSIGNMENT,01,"THERMODYNAMICS AND FLUID MECHANICS",,MR.G.A.S.PERERA,,,"PAST PAPER ANSWER SHEET 2023",D.M.H.C.DISSANAYAKA,COL/BSE/2324/F/041,HNDBSE,2025-09-15,2025-09-22
ASSIGNMENT,01,"THERMODYNAMICS AND FLUID MECHANICS",,MR.G.A.S.PERERA,,,"PAST PAPER ANSWER SHEET 2023",J.A.R.PRASANJANA,COL/BSE/2324/F/209,HNDBSE,2025-09-15,2025-09-22
ASSIGNMENT,01,"THERMODYNAMICS AND FLUID MECHANICS",,MR.G.A.S.PERERA,,,"PAST PAPER ANSWER SHEET 2023",D.B.N.C.BANDARA,COL/BSE/2324/F/204,HNDBSE,2025-09-15,2025-09-22
ASSIGNMENT,01,"THERMODYNAMICS AND FLUID MECHANICS",,MR.G.A.S.PERERA,,,"PAST PAPER ANSWER SHEET 2023",G.G.K.WEWEWATTA,COL/BSE/2324/F/201,HNDBSE,2025-09-15,2025-09-22
ASSIGNMENT,01,"THERMODYNAMICS AND FLUID MECHANICS",,MR.G.A.S.PERERA,,,"PAST PAPER ANSWER SHEET 2023",H.K.H.HANSAMALI,COL/BSE/2324/F/003,HNDBSE,2025-09-15,2025-09-22
ASSIGNMENT,01,"THERMODYNAMICS AND FLUID MECHANICS",,MR.G.A.S.PERERA,,,"PAST PAPER ANSWER 2023",H.K.H.HANSAMALI,COL/BSE/2324/F/,HNDBSE,2025-09-15,2025-09-22
ASSIGNMENT,01,"THERMODYNAMICS AND FLUID MECHANICS",,MR.G.A.S.PERERA,,,"PAST PAPER ANSWER 2023",H.K.H.HANSAMALI,COL/BSE/2324/F/003,HNDBSE,2025-09-15,2025-09-22
ASSIGNMENT,01,"THERMODYNAMICS AND FLUID MECHANICS",,MR.G.A.S.PERERA,,,"PAST PAPER ANSWER 2023",M.M.C.MADABAWITA,COL/BSE/2324/F/203,HNDBSE,2025-09-15,2025-09-22
ASSIGNMENT,01,"THERMODYNAMICS AND FLUID MECHANICS",,MR.G.A.S.PERERA,,,"PAST PAPER ANSWER 2023",A.M.D.D.ABEYSINGHE,COL/BSE/2324/F/213,HNDBSE,2025-09-15,2025-09-22
ASSIGNMENT,01,"THERMODYNAMICS AND FLUID MECHANICS",,MR.G.A.S.PERERA,,,"PAST PAPER ANSWER 2023",E.M.V.S.EKANAYAKA,COL/BSE/2324/F/210,HNDBSE,2025-09-15,2025-09-22
ASSIGNMENT,01,"THERMODYNAMICS AND FLUID MECHANICS",,MR.G.A.S.PERERA,,,"PAST PAPER ANSWER 2023",J.A.R.PRASANJANA,COL/BSE/2324/F/209,HNDBSE,2025-09-15,2025-09-22
ASSIGNMENT,01,"THERMODYNAMICS AND FLUID MECHANICS",,MR.G.A.S.PERERA,,,"PAST PAPER ANSWER 2023",G.G.K.WEWEWATTA,COL/BSE/2324/F/201,HNDBSE,2025-09-15,2025-09-22
ASSIGNMENT,01,"THERMODYNAMICS AND FLUID MECHANICS",,MR.G.A.S.PERERA,,,"PAST PAPER ANSWER 2023",D.B.N.C.BANDARA,COL/BSE/2324/F/204,HNDBSE,2025-09-15,2025-09-22
ASSIGNMENT,01,"THERMODYNAMICS AND FLUID MECHANICS",,MR.G.A.S.PERERA,,,"PAST PAPER ANSWER 2023",G.K.A.WEERASOORIYA,COL/BSE/2324/F/224,HNDBSE,2025-09-15,2025-09-22
ASSIGNMENT,01,"THERMODYNAMICS AND FLUID MECHANICS",,MR.G.A.S.PERERA,,,"PAST PAPER ANSWER 2023",D.M.H.C.DISSANAYAKA,COL/BSE/2324/F/041,HNDBSE,2025-09-15,2025-09-22
ASSIGNMENT,01,"THERMODYNAMICS AND FLUID MECHANICS",,MR.G.A.S.PERERA,,,"PAST PAPER ANSWER 2023",J.D.O.DIVYANJALI,COL/BSE/2324/F/019,HNDBSE,2025-09-15,2025-09-22
ASSIGNMENT,01,"THERMODYNAMICS AND FLUID MECHANICS",,"MR.G.A.S.PERERA ",09,,"PAST PAPER ANSWER SHEET 2023","M.A.A.AHMATH ",COL/BSE/2324/F/229,HNDBSE,2025-09-15,2025-09-22
ASSIGNMENT,01,"THERMODYNAMICS AND FLUID MECHANICS",,"MR.G.A.S.PERERA ",09,,"PAST PAPER ANSWER SHEET 2023","M.B.M.MUFASSIR ",COL/BSE/2324/F/227,HNDBSE,2025-09-15,2025-09-22
ASSIGNMENT,01,"INTRODUCTION TO THERMODYNAMICS",,"MR. G.A.S.PERERA",,,"PAST PAPER ANSWER SHEET 2023",B.P.S.I.BALASOORIYA,"COL/BSE/2324/F/040 ",HNDBSE,2025-09-15,2025-09-22
ASSIGNMENT,01,"THERMODYNAMICS AND FLUID MECHANICS ",,"MR. G.A.S.PERERA",,,"PAST PAPER ANSWER SHEET 2023",B.P.S.I.BALASOORIYA,"COL/BSE/2324/F/040 ",HNDBSE,2025-09-15,2025-09-22
ASSIGNMENT,01,"THERMODYNAMICS AND FLUID MECHANICS ",,"MR. G.A.S.PERERA",,,"PAST PAPER ANSWER SHEET 2023",B.P.S.I.BALASOORIYA,"COL/BSE/2324/F/040 ",HNDBSE,2025-09-15,2025-09-22
ASSIGNMENT,01,"Thermodynamics and Fluid Mechanics ",,MR.G.A.S.PERERA,,,"PAST PAPER  ANSWER SHEET 2023",S.E.J.WIJENAYAKE,COL/BSE/2324/F/022,HNDBSE,2025-09-15,2025-09-22
ASSIGNMENT,01,"THERMODYNAMICS AND FLUID MECHANICS ",,MR.G.A.S.PERERA,,,"2023 PAST PAPER ANSWER SHEET",S.M.N.S.RAMANAYAKA,": COL/BSE/2324/F/023",HNDBSE,2025-09-15,2025-09-22
ASSIGNMENT,01,"THERMODYNAMICS AND FLUID MECHANICS ",,MR.G.A.S.PERERA,,,"2023 PAST PAPER ANSWER SHEET",S.M.N.S.RAMANAYAKA,COL/BSE/2324/F/023,HNDBSE,2025-09-15,2025-09-22
ASSIGNMENT,01,"THERMODYNAMICS AND FLUID MECHANICS ",,MR.G.A.S.PERERA,,,"2023 PAST PAPER ANSWER SHEET",S.M.N.S.RAMANAYAKA,COL/BSE/2324/F/023,HNDBSE,2025-09-15,2025-09-22
ASSIGNMENT,01,"Introduction to thermodynamics",,Mr.G.A.S.Perera,,,"Past paper answer sheet 2023",S.D.Gamage,Col/BSE/2324/f/220,HNDBSE,2025-09-15,2025-09-22
ASSIGNMENT,01,"INTRODUCTION TO THERMODYNAMICS",,"MR. G. A. S PERERA ",,,"PAST PAPER ANSWER SHEET 2023","P. S. D. PATHIRANA",COL/BSE/2324/F/222,HNDCE,2025-09-15,2025-09-22
ASSIGNMENT,01,"INTRODUCTION TO THERMODYNAMICS",,"MR. G. A. S PERERA ",,,"PAST PAPER ANSWER SHEET 2023","P. S. D. PATHIRANA",COL/BSE/2324/F/222,HNDCE,2025-09-15,2025-09-22
ASSIGNMENT,01,"Introduction to thermodynamics",,G.A.S.Perera,,,"Past paper answer 2023",H.M.M.D.Herath,Col/bse/2324/f/239,HNDBSE,2025-09-15,2025-09-22
ASSIGNMENT,01,"Introduction to thermodynamics",,G.A.S.Perera,,,"Past paper answer 2023",H.M.M.D.Herath,Col/bse/2324/f/239,HNDBSE,2025-09-15,2025-09-22
ASSIGNMENT,01,"Introduction to thermodynamics",,G.A.S.Perera,,,"Past paper answer 2023",H.M.M.D.Herath,Col/bse/2324/f/239,HNDBSE,2025-09-15,2025-09-22
ASSIGNMENT,01,"Thermodynamics and fluid mechanics",,"MR. SHYAN PERERA",,,"Past paper Answer sheet",P.W.Siriwardhana,COL/BSE/2324/F/030,HNDBSE,2025-09-15,2025-09-22
ASSIGNMENT,01,"Thermodynamics and fluid mechanics",,"MR. SHYAN PERERA",,,"Past paper Answer sheet 2023",W.H.L.Vishmini,COL/BSE/2324/F/016,HNDBSE,2025-09-15,2025-09-22
ASSIGNMENT,01,"Thermodynamics and fluid mechanics",,"MR. SHYAN PERERA",,,"Past paper Answers 2023",W.H.L.Vishmini,COL/BSE/2324/F/016,HNDBSE,2025-09-15,2025-09-22
ASSIGNMENT,01,"Thermodynamics and fluid mechanics",,"MR. SHYAN PERERA",,,"Past paper Answers 2023","P.W. Siriwardhana ",COL/BSE/2324/F/030,HNDBSE,2025-09-15,2025-09-22
ASSIGNMENT,01,"Thermodynamics and fluid mechanics",,"MR. SHYAN PERERA",,,"Past paper Answers 2023","J.A.T. Nisansala",COL/BSE/2324/F/017,HNDBSE,2025-09-15,2025-09-22
ASSIGNMENT,01,"Thermodynamics and fluid mechanics",,"MR. SHYAN PERERA",,,"Past paper Answers 2023","J.A.T. Nisansala",COL/BSE/2324/F/017,HNDBSE,2025-09-15,2025-09-22
ASSIGNMENT,01,"THERMODYNAMICS AND FLUID MECHANICS",,MR.G.A.S.PERERA,,,"PAST PAPER ANSWER 2023",D.M.N.NILMINI,COL/BSE/2324/F/216,HNDBSE,2025-09-15,2025-09-22
ASSIGNMENT,01,"THERMODYNAMICS AND FLUID MECHANICS",,MR.G.A.S.PERERA,"BSE 08",,"PAST PAPER ANSWER 2023",D.M.N.NILMINI,COL/BSE/2324/F/216,HNDBSE,2025-09-15,2025-09-22
ASSIGNMENT,01,"THERMODYNAMICS AND FLUID MECHANICS",,MR.G.A.S.PERERA,BS8,,"PAST PAPER ANSWER 2023",D.M.N.NILMINI,COL/BSE/2324/F/216,HNDBSE,2025-09-15,2025-09-22
ASSIGNMENT,01,"Thermodynamics and Fluid Mechanics ",,MR.G.A.S.PERERA,,,"PAST PAPER  ANSWER SHEET 2023 ",S.K.T.S.Siriwardhana,COL/BSE/2324/F/240,HNDBSE,2025-09-15,2025-09-22
ASSIGNMENT,01,"THERMODYNAMICS AND FLUID MECHANICS",,MR.G.A.S.PERERA,BS8,,"PAST PAPER ANSWER 2023",S.A.A.S.SAMARAWEERA,COL/BSE/2324/F/21,HNDBSE,2025-09-15,2025-09-22
ASSIGNMENT,01,"Thermodynamics and fluid mechanics ",,Mr.g.a.s.perera,,,"Past paper answer 2023",K.d.s.lalithya,Col/bse/2324/f/214,HNDBSE,2025-09-15,2025-09-22
ASSIGNMENT,01,"THERMODYNAMICS AND FLUID MECHANICS",,MR.G.A.S.PERERA,BS8,,"PAST PAPER ANSWER 2023",S.A.A.S.SAMARAWEERA,COL/BSE/2324/F/21,HNDBSE,2025-09-15,2025-09-22
ASSIGNMENT,01,"THERMODYNAMICS AND FLUID MECHANICS",,MR.G.A.S.PERERA,BS8,,"PAST PAPER ANSWER 2023",S.A.A.S.SAMARAWEERA,COL/BSE/2324/F/217,HNDBSE,2025-09-15,2025-09-22
ASSIGNMENT,01,"Thermodynamics and Fluid Mechanics ",,MR.G.A.S.PERERA,,,"PAST PAPER  ANSWER SHEET 2023 ","M.V.K Kumarage",COL/BSE/2324/F/237,HNDBSE,2025-09-15,2025-09-22
ASSIGNMENT,01,"THERMODYNAMICS AND FLUID MECHANICS",,MR.G.A.S.PERERA,BS8,,"PAST PAPER ANSWER 2023",S.D.GAMAGE,COL/BSE/2324/F/220,HNDBSE,2025-09-15,2025-09-22
ASSIGNMENT,01,"Thermodynamics and fluid mechanics ",,Mr.g.a.s.perera,No,,"Past paper answer 2023",K.d.s.lalithya,Col/bse/2324/f/214,HNDBSE,2025-09-15,2025-09-22
ASSIGNMENT,01,"THERMODYNAMICS AND FLUID MECHANICS",,MR.G.A.S.PERERA,BS8,,"PAST PAPER ANSWER 2023",P.S.D.PATHIRANA,COL/BSE/2324/F/222,HNDBSE,2025-09-15,2025-09-22
ASSIGNMENT,01,"THERMODYNAMICS AND FLUID MECHANICS",,MR.G.A.S.PERERA,BS8,,"PAST PAPER ANSWER 2023",K.G.V.WEDITHA,COL/BSE/2324/F/223,HNDBSE,2025-09-15,2025-09-22
ASSIGNMENT,01,"THERMODYNAMICS AND FLUID MECHANICS",,MR.G.A.S.PERERA,BS8,,"PAST PAPER ANSWER 2023",G.K.A.WIMALASOORIYA,COL/BSE/2324/F/224,HNDBSE,2025-09-15,2025-09-22
ASSIGNMENT,01,"THERMODYNAMICS AND FLUID MECHANICS",,MR.G.A.S.PERERA,,,"PAST PAPER ANSWER 2023",U.R.G.S.BANDARA,COL/BSE/2324/F/214,HNDBSE,2025-09-15,2025-09-22
ASSIGNMENT,01,"THERMODYNAMICS AND FLUID MECHANICS ",,MR.G.A.S.PERERA,,,"2023 PAST PAPER ANSWER ",S.M.N.S.RAMANAYAKA,COL/BSE/2324/F/023,HNDBSE,2025-09-15,2025-09-22
ASSIGNMENT,01,"Introduction to Thermodynamics ",,G.A.S.Perera,,,"Past paper answer 2023",Z.A.M.Arhab,"Col/ bse/2324/F/208",HNDBSE,2025-09-15,2025-09-22
ASSIGNMENT,01,"Introduction to Thermodynamics ",,G.A.S.Perera,,,"Past paper answer 2023",Z.A.M.Arhab,"Col/ bse/2324/F/208",HNDBSE,2025-09-15,2025-09-22
ASSIGNMENT,01,"Introduction to Thermodynamics ",,G.A.S.Perera,,,"Past paper answer 2023",Z.A.M.Arhab,"Col/ bse/2324/F/208",HNDBSE,2025-09-15,2025-09-22
ASSIGNMENT,01,"THERMODYNAMICS AND FLUID MECHANICS",,MR.G.A.S.PERERA,,,"PAST PAPER ANSWER 2023",U.R.G.S.BANDARA,COL/BSE/2324/F/212,HNDBSE,2025-09-15,2025-09-22
ASSIGNMENT,01,"Introduction to Thermodynamics ",,G.A.S.Perera,,,"Past paper answer 2023",Z.A.M.Arhab,COL/BSE/2324/F/208,HNDBSE,2025-09-15,2025-09-22
ASSIGNMENT,01,"Introduction to Thermodynamics ",,G.A.S.Perera,,,"Past paper answer 2023",Z.A.M.Arhab,COL/BSE/2324/F/208,HNDBSE,2025-09-15,2025-09-22
ASSIGNMENT,01,"Introduction to Thermodynamics ",,G.A.S.Perera,,,"Past paper answer 2023",M.T.A.M.Ashnaf,COL/BSE/2324/F/207,HNDBSE,2025-09-15,2025-09-22
ASSIGNMENT,01,"Thermodynamics and Fluid Mechanics ",,MR.G.A.S.PERERA,,,"PAST PAPER  ANSWER SHEET 2023 ","W.m.s.s weerasinghe",COL/BSE/2324/F/232,HNDBSE,2025-09-15,2025-09-22
ASSIGNMENT,01,"THERMODYNAMICS AND FLUID MECHANICS",,MR.G.A.S.PERERA,,,"PAST PAPER ANSWER 2023",D.P.D.D.H.SENARATH,COL/BSE/2324/F/008,HNDBSE,2025-09-15,2025-09-22
ASSIGNMENT,01,"THERMODYNAMICS AND FLUID MECHANICS",,MR.G.A.S.PERERA,,,"PAST PAPER ANSWER 2023","G.D.S.Y. GAMAETHIGE",COL/BSE/2324/F/004,HNDBSE,2025-09-15,2025-09-22
ASSIGNMENT,01,"THERMODYNAMICS AND FLUID MECHANICS",,MR.G.A.S.PERERA,,,"PAST PAPER ANSWER 2023","K.K.W. BANDARA",COL/BSE/2324/F/005,HNDBSE,2025-09-15,2025-09-22
ASSIGNMENT,01,"THERMODYNAMICS AND FLUID MECHANICS",,MR.G.A.S.PERERA,,,"PAST PAPER ANSWER 2023","H.K.H. HANSAMALI",COL/BSE/2324/F/003,HNDBSE,2025-09-15,2025-09-22
ASSIGNMENT,01,"THERMODYNAMICS AND FLUID MECHANICS",,MR.G.A.S.PERERA,,,"PAST PAPER ANSWER 2023","H.K.H. HANSAMALI",COL/BSE/2324/F/003,HNDBSE,2025-09-15,2025-09-22
ASSIGNMENT,01,"THERMODYNAMICS AND FLUID MECHANICS",,MR.G.A.S.PERERA,,,"PAST PAPER ANSWER 2023","H.G.K. HARSHAMALI",COL/BSE/2324/F/006,HNDBSE,2025-09-15,2025-09-22
ASSIGNMENT,01,"THERMODYNAMICS AND FLUID MECHANICS",,MR.G.A.S.PERERA,,,"PAST PAPER ANSWER 2023","H.G.K. HARSHAMALI",COL/BSE/2324/F/006,HNDBSE,2025-09-15,2025-09-22
ASSIGNMENT,01,"THERMODYNAMICS AND FLUID MECHANICS",,MR.G.A.S.PERERA,,,"PAST PAPER ANSWER 2023","K.G.N.D. KODITHUWAKKU",COL/BSE/2324/F/009,HNDBSE,2025-09-15,2025-09-22
ASSIGNMENT,01,"THERMODYNAMICS AND FLUID MECHANICS",,MR.G.A.S.PERERA,,,"PAST PAPER ANSWER 2023",H.P.WITHANAGE,COL/BSE/2324/F/202,HNDBSE,2025-09-15,2025-09-22
ASSIGNMENT,01,"THERMODYNAMICS AND FLUID MECHANICS",,MR.G.A.S.PERERA,,,"PAST PAPER ANSWER 2023",W.C.N.SILVA,COL/BSE/2324/F/206,HNDBSE,2025-09-15,2025-09-22
ASSIGNMENT,01,"THERMODYNAMICS AND FLUID MECHANICS",,MR.G.A.S.PERERA,,,"PAST PAPER ANSWER 2023",M.T.A.M.ASHNAF,COL/BSE/2324/F/207,HNDBSE,2025-09-15,2025-09-22
ASSIGNMENT,01,"THERMODYNAMICS AND FLUID MECHANICS",,MR.G.A.S.PERERA,,,"PAST PAPER ANSWER 2023",Z.A.M.ARHAB,COL/BSE/2324/F/208,HNDBSE,2025-09-15,2025-09-22
ASSIGNMENT,01,"THERMODYNAMICS AND FLUID MECHANICS ",,MR.G.A.S.PERERA,,,"PAST PPAPER ANSWER SHEET 2023","N.J.IMANTHIKA ",COL/BSE/2324/F/037,HNDBSE,2025-09-15,2025-09-22
ASSIGNMENT,01,"THERMODYNAMICS AND FLUID MECHANICS ",,MR.G.A.S.PERERA,,,"PAST PPAPER ANSWER SHEET  2023","N.J.IMANTHIKA ",COL/BSE/2324/F/037,HNDBSE,2025-09-15,2025-09-22
ASSIGNMENT,01,"THERMODYNAMICS AND FLUID MECHANICS ",,MR.G.A.S.PERERA,,,"2023 PAST PPAPER ANSWER SHEET ","N.J.IMANTHIKA ",COL/BSE/2324/F/037,HNDBSE,2025-09-15,2025-09-22
ASSIGNMENT,01,"THERMODYNAMICS AND FLUID MECHANICS ",,MR.G.A.S.PERERA,,," PAST PAPER ANSWER SHEET 2023","N.J.IMANTHIKA ",COL/BSE/2324/F/037,HNDBSE,2025-09-15,2025-09-22
ASSIGNMENT,01,"Thermodynamics and fluid mechanics ",,"MR. SHAYAN PERERA ",,,"Past paper Answers 2023","P.E. SIRIWARDHANA ",COL/BSE/2324/F/030,HNDBSE,2025-09-15,2025-09-22
ASSIGNMENT,01,"THERMODYNAMICS AND FLUID MECHANICS ",,MR.G.A.S.PERERA,,," PAST PAPER ANSWER SHEET 2023","N.J.IMANTHIKA ",COL/BSE/2324/F/037,HNDBSE,2025-09-15,2025-09-22
ASSIGNMENT,01,"Thermodynamics and fluid mechanics ",,"MR. SHAYAN PERERA ",,,"Past paper Answers 2023","R.D.T.A. RANASINGHA",COL/BSE/2324/F/025,HNDBSE,2025-09-15,2025-09-22
ASSIGNMENT,01,"Thermodynamics and fluid mechanics ",,"MR. SHAYAN PERERA ",,,"Past paper Answers 2023","M.D.L. MADHUSHANKA",COL/BSE/2324/F/226,HNDBSE,2025-09-15,2025-09-22
ASSIGNMENT,01,"Thermodynamics and fluid mechanics ",,"MR. SHAYAN PERERA ",,,"Past paper Answers 2023","P.W. SIRIWARDHANA ",COL/BSE/2324/F/030,HNDBSE,2025-09-15,2025-09-22
ASSIGNMENT,01,"Thermodynamics and fluid mechanics ",,"MR. SHAYAN PERERA ",,,"Past paper answers 2023","P.S.D. PATHIRANA ",COL/BSE/2324/F/222,HNDBSE,2025-09-15,2025-09-22
ASSIGNMENT,01,"Thermodynamics and fluid mechanics",,G.A.S.PERERA,,,"Past paper answer 2023",G.N.H.KUMARI,COL/BSE/2324/F/012,HNDBSE,2025-09-15,2025-09-22
ASSIGNMENT,01,"Thermodynamics and fluid mechanics",,G.A.S.PERERA,,,"Past paper answer 2023",G.N.H.KUMARI,COL/BSE/2324/F/012,HNDBSE,2025-09-15,2025-09-22
ASSIGNMENT,01,"Thermodynamics and fluid mechanics",,G.A.S.PERERA,,,"Past paper answer 2023",R.L.D.K.sewmini,COL/BSE/2324/F/013,HNDBSE,2025-09-15,2025-09-22
ASSIGNMENT,01,"Thermodynamics and fluid mechanics ",,"Mr. G.A.S. Perera",,,"Past paper answer sheet","M.g.m. Hasinthara",Col/bse/2324/f/241,HNDBSE,2025-09-15,2025-09-22
ASSIGNMENT,01,"thermodynamics and fluid mechanics ",,G.a.s.perera,,,"past paper answer 2023",H.m.m.d.herath,Col/bse/2324/f/239,HNDBSE,2025-09-15,2025-09-22
ASSIGNMENT,01,"Thermodynamics and fluid mechanics ",,"MR. SHAYAN PERERA",,,"Past paper Answers 2023"," P.K.S.SANJAYA",COL/BSE/2324/F/028,HNDBSE,2025-09-15,2025-09-22
ASSIGNMENT,01,"Thermodynamics and Fluid Mechanics ",,MR.G.A.S.PERERA,,,"2023 PAST PAPER ANSWER SHEET","M.B.M MUFASSIR ",COL/BSE/2324/F/227,HNDBSE,2025-09-15,2025-09-22
ASSIGNMENT,01,"Thermodynamics and Fluid Mechanics ",,MR.G.A.S.PERERA,,,"PAST PAPER ANSWER SHEET 2023","M.B.M MUFASSIR ",COL/BSE/2324/F/227,HNDBSE,2025-09-15,2025-09-22
ASSIGNMENT,01,"THERMODYNAMICS AND FLUID MECHANICS",,"MR. SHAYAN PERERA",,,"PAST PAPER ANSWERS 2023",H.H.N.HESARA,COL/BSE/2324/F/010,HNDBSE,2025-09-15,2025-09-22
ASSIGNMENT,01,"THERMODYNAMICS AND FLUID MECHANICS",,"MR. SHAYAN PERERA",,,"PAST PAPER ANSWERS 2023",H.H.N.HESARA,COL/BSE/2324/F/010,HNDBSE,2025-09-15,2025-09-22
ASSIGNMENT,01,"THERMODYNAMICS AND FLUID MECHANICS",,"MR. SHAYAN PERERA",,,"PASTPAPER ANSWERS 2023",H.M.T.S.WIJESINGHA,COL/BSE/2324/F/033,HNDBSE,2025-09-15,2025-09-22
ASSIGNMENT,01,"THERMODYNAMICS AND FLUID MECHANICS",,"MR. SHAYAN PERERA",,,"PASTPAPER ANSWERS 2023",H.M.T.S.WIJESINGHA,COL/BSE/2324/F/033,HNDBSE,2025-09-15,2025-09-22
ASSIGNMENT,01,"THERMODYNAMICS AND FLUID MECHANICS",,"MR. SHAYAN PERERA",,,"PASTPAPER ANSWERS 2023",N.V.P.SUPUNSARA,COL/BSE/2324/F/014,HNDBSE,2025-09-15,2025-09-22
ASSIGNMENT,01,"THERMODYNAMICS AND FLUID MECHANICS",,"MR. SHAYAN PERERA",,,"PASTPAPER ANSWERS 2023",N.V.P.SUPUNSARA,COL/BSE/2324/F/014,HNDBSE,2025-09-15,2025-09-22
ASSIGNMENT,01,"THERMODYNAMICS AND FLUID MECHANICS ",,MR.G.A.S.PERERA,,," PAST PAPER ANSWER 2023","N.J.IMANTHIKA ",COL/BSE/2324/F/037,HNDBSE,2025-09-15,2025-09-22
ASSIGNMENT,01,"Thermodynamics and fluid mechanics",,Mr.g.a.s.perera,,,"Past paper answer - 2023",R.d.k.d.d.rajamuni,Col/bse/2324/f/225,HNDBSE,2025-09-15,2025-09-22
ASSIGNMENT,01,"PRODUCTION TECHNOLOGY - ¡¡",,"MRS. Sattar",,,"WELDING WORKSHOP LAYOUT","J.K.R. CHANUKA",COL/ME/2021/F/121,HNDME,2025-09-22,2025-09-23
EXPERIMENT,01,"Strength of Materials",,"Ms. S.A.S. Wickramasooriya",C3,"034,035,036,037,038,039,041,042,044,045,046,047","BENDING MOMENT AND SHEAR FORCE",MSMS.KHAN,COL/CE/2324F/047,HNDCE,2025-09-16,2025-09-23
EXPERIMENT,01,"Strength of Materials",,"Ms. S.A.S. Wickramasooriya",C3,"034,035,036,037,038,039,041,042,044,045,046,047","BENDING MOMENT AND SHEAR FORCE",MSMS.KHAN,COL/CE/2324/F/047,HNDCE,2025-09-16,2025-09-23
EXPERIMENT,01,"Civil engineering construction 2",,"Mrs. M.M.S.D. Cooray",Q2,"208, 211,213,217,218,219,220,222,223","Standard proctor compation test","M.P. Weerarathna ","COL/QS/2324/F/218 ",HNDQS,2025-09-18,2025-10-02
EXPERIMENT,01,"strength of materials",,ms.s.wickramsooriya,c4,"048,049,050,052,057,058,059,060,061,062,065","bending moment and shear force",t.thanuskanth,col/ce/2324/f/062,HNDCE,2025-09-16,2025-09-23
EXPERIMENT,01,"strength  of  materials",,ms.s.wickramsooriya,c4,"048,049,050,052,057,058,059,060,061,062,065","bending moment and shear force",t.thanuskanth,col/ce/2324/f/062,HNDCE,2025-09-16,2025-09-23
EXPERIMENT,01,"STRENGTH OF MATERIALS",,"MS S.WICKRAMASOORIYA",C3,"034,035,037,038,039,041,042,044,045,046,047","BENDING MOMENT AND SHEAR FORSE",K.D.SANDANAYAKA,COL/CE/2324/F/039,HNDCE,2025-09-16,2025-09-23
EXPERIMENT,01,"STRENGTH OF MATERIALS",,"MS S.WICKRAMASOORIYA",C3,"034,035,037,038,039,041,042,044,045,046,047","BENDING MOMENT AND SHEAR FORSE",K.D.SANDANAYAKA,COL/CE/2324/F/039,HNDCE,2025-09-16,2025-09-23
EXPERIMENT,01,"STRENGTH OF MATERIALS",,"MS S.WICKRAMASOORIYA",C3,"034,035,037,038,039,041,042,044,045,046,047","BENDING MOMENT AND SHEAR FORSE",K.D.SANDANAYAKA,COL/CE/2324/F/035,HNDCE,2025-09-16,2025-09-23
EXPERIMENT,01,"STRENGTH OF MATERIALS",,"MS S.WICKRAMASOORIYA",C3,"034,035,037,038,039,041,042,044,045,046,047","BENDING MOMENT AND SHEAR FORSE",ABC,COL/CE/2324/F/035,HNDCE,2025-09-16,2025-09-23
EXPERIMENT,01,"STRENGTH OF MATERIALS",,"MS S.WICKRAMASOORIYA",C3,"034,035,037,038,039,041,042,044,045,046,047","BENDING MOMENT AND SHEAR FORSE",K.D.SANDANAYAKA,COL/CE/2324/F/039,HNDCE,2025-09-16,2025-09-23
EXPERIMENT,01,"STRENGTH OF MATERIALS",,"MS S.WICKRAMASOORIYA",C3,"034,035,037,038,039,041,042,044,045,046,047","BENDING MOMENT AND SHEAR FORCE",K.D.SANDANAYAKA,COL/CE/2324/F/039,HNDCE,2025-09-16,2025-09-23
ASSIGNMENT,01,A,,A,A,A,"BENDING MOMENT AND SHEAR FORSE",AS,COL,HNDCE,2025-09-16,2025-09-23
EXPERIMENT,01,"STRENGTH OF MATERIALS",,"MS S.WICKRAMASOORIYA",C3,"034,035,037,038,039,041,042,044,045,046,047","BENDING MOMENT OF SHEAR FORSE ",K.D.SANDANAYAKA,COL/CE/2324/F/039,HNDCE,2025-09-16,2025-09-23
PRACTICAL,02,"CIVIL ENGINEERING CONSTRUCTION II",,MRS.S.M.S.WICKRAMASOORIYA,Q02,"208,211,212,213,217,218,219,220,221,222,223","AGGREGATE TEST","J.R.N.D.JAYALATH ",COL/QS/2324/F/208,HNDQS,2025-09-19,2025-09-26
EXPERIMENT,01,"STRENGTH OF MATERIAL ",,Ms.S.A.S.Wikramasooriya,C03,"034,035,037,038,039,041,042,044,045,046,047","BENDING MOMENT AND SHEAR FORCE ",R.A.AHAMATH,"COL/CE/2023/F/046 ",HNDCE,2025-09-16,
ASSIGNMENT,01,"ENGINEERING SURVEYING",,,,,"ENGINEERING SURVEYING",M.M.C.MADABAWITA,COL/BSE/2324/F/203,HNDBSE,,
ASSIGNMENT,01,"ENGINEERING SURVEYING",,,,,"ENGINEERING SURVEYING",E.M.V.S.EKANAYAKA,COL/BSE/2324/F/210,HNDBSE,,
ASSIGNMENT,01,"ENGINEERING SURVEYING",,,,,"ENGINEERING SURVEYING",K.D.S.LALITHYA,COL/BSE/2324/F/214,HNDBSE,,
ASSIGNMENT,01,"ENGINEERING SURVEYING",,,,,"ENGINEERING SURVEYING",U.R.G.S.BANDARA,COL/BSE/2324/F/212,HNDBSE,,
ASSIGNMENT,01,"ENGINEERING SURVEYING",,,,,"ENGINEERING SURVEYING",J.A.R.PRASANJANA,COL/BSE/2324/F/209,HNDBSE,,
ASSIGNMENT,01,"ENGINEERING SURVEYING",,,,,"ENGINEERING SURVEYING",D.B.N.C.BANDARA,COL/BSE/2324/F/204,HNDBSE,,
ASSIGNMENT,01,"ENGINEERING SURVEYING",,,,,"ENGINEERING SURVEYING",G.G.K.WEWEWATTA,COL/BSE/2324/F/201,HNDBSE,,
ASSIGNMENT,01,"ENGINEERING SURVEYING",,,,,"ENGINEERING SURVEYING",H.P.WITHANAGE,COL/BSE/2324/F/202,HNDBSE,,
ASSIGNMENT,01,"ENGINEERING SURVEYING",,,,,"ENGINEERING SURVEYING",W.C.N.SILVA,COL/BSE/2324/F/206,HNDBSE,,
ASSIGNMENT,01,"ENGINEERING SURVEYING",,,,,"ENGINEERING SURVEYING",Z.A.T.M.ASHNAF,COL/BSE/2324/F/207,HNDBSE,,
ASSIGNMENT,01,"ENGINEERING SURVEYING",,,,,"ENGINEERING SURVEYING",M.T.A.M.ASHNAF,COL/BSE/2324/F/207,HNDBSE,,
ASSIGNMENT,01,"ENGINEERING SURVEYING",,,,,"ENGINEERING SURVEYING",Z.A.M.ARHAB,COL/BSE/2324/F/208,HNDBSE,,
ASSIGNMENT,01,"ENGINEERING SURVEYING",,,,,"ENGINEERING SURVEYING",D.M.H.C.DISSANAYAKA,COL/BSE/2324/F/041,HNDBSE,,
EXPERIMENT,01,"Strength of materials ",,Ms.S.A.S.Wickramasooriya,C4,"48,49,50,52,58,58,59,60,61,62,65","Shear Force and Bending moment ","K.A.Sahan Thisantha",COL/CE/2324/F/052,HNDCE,2025-09-16,2025-09-24
ASSIGNMENT,01,"Maintenance management ",,Mrs.a.h.f.sattar,,,"in-plant training maintenance work","O.P.S.Thilakarathne ",Col/bse/2021/f/032,HNDBSE,2025-09-22,2025-09-24
ASSIGNMENT,01,"Maintenance management ",,Mrs.a.h.f.sattar,-,,"in-plant training maintenance work","O.P.S.Thilakarathne ",Col/bse/2021/f/032,HNDBSE,2025-09-22,2025-09-24
ASSIGNMENT,01,"MAINTENANCE MANAGEMENT",,"MRS. A. H. F. SATTAR",,,"SYNTHESISED REPORT",D.P.C.I.RANASINGHE,COL/BSE/2021/F/47,HNDBSE,2025-09-22,2025-09-24
ASSIGNMENT,01,"MAINTENANCE MANAGEMENT",,"MRS. A. H. F. SATTAR",,,"SYNTHESISED REPORT",D.P.C.I.RANASINGHE,col/bse/2021/047,HNDBSE,2025-09-22,2025-09-24
ASSIGNMENT,01,"MAINTENANCE MANAGEMENT",,"MRS. A. H. F. SATTAR",,,"SYNTHESISED REPORT",D.P.C.I.RANASINGHE,COL/,HNDBSE,2025-09-22,2025-09-24
ASSIGNMENT,01,"Maintenance management ",,Mrs.a.h.f.sattar,,,"In-plant training maintenance work","O.P.S.Thilakarathne ",Col/bse/2021/f/032,HNDBSE,2025-09-22,2025-09-24
ASSIGNMENT,01,"MAINTENANCE MANAGEMENT",,"MRS. A. H. F. SATTAR",,,"SYNTHESISED REPORT",D.P.C.I.RANASINGHE,col/bse/2021/f/47,HNDBSE,2025-09-22,2025-09-24
ASSIGNMENT,01,"MAINTENANCE MANAGEMENT",,"MRS. A. H. F. SATTAR",,,"SYNTHESISED REPORT",D.P.C.I.RANASINGHE,col/bse/2021/f/047,HNDBSE,2025-09-22,2025-09-24
ASSIGNMENT,01,"Strength of material ",,"Mrs .rathnayake ",-,-,"Assignment ","A.B.Perera ","Col/ bse/2021/f/079",HNDBSE,2025-09-17,2025-09-27
ASSIGNMENT,01,"Strength of material ",,"Mrs .rathnayake ",-,-,"Assignment ","A.B.Perera ","Col/ bse/2021/f/079",HNDBSE,2025-09-17,2025-09-27
ASSIGNMENT,01,"Strength of material ",,"Mrs .rathnayake ",-,-,"Assignment ","A.B.Perera ","COL/BSE /2021/D/79",HNDBSE,2025-09-17,2025-09-27
ASSIGNMENT,01,"Strength of material ",,"Mrs .rathnayake ",-,-,"Assignment ","A.B.Perera ","Col/ bse/2021/f/079",HNDBSE,2025-09-17,2025-09-27
ASSIGNMENT,01,"Strength of material ",,"Mrs .rathnayake ",-,-,"Assignment ","A.B.Perera ","Col/ bse/2021/f/079",HNDBSE,2025-09-17,2025-09-27
ASSIGNMENT,01,"Strength of material ",,"Mrs .rathnayake ",-,-,"Assignment ","A.B.Perera ","COL/ BSE /2021/F/075",HNDBSE,2025-09-17,2025-09-27
ASSIGNMENT,01,"Strength of material ",,"Mrs .rathnayake ",-,-,"Assignment ","A.B.Perera ","COL/ BSE /2021/F/079",HNDBSE,2025-09-17,2025-09-27
ASSIGNMENT,01,"Strength of material ",,"Mrs .rathnayake ",-,-,"Assignment ","A.B.Perera ","COL/ BSE /2021/F/079",HNDBSE,2025-09-17,2025-09-27
ASSIGNMENT,01,"Strength of material ",,"Mrs .rathnayake ",-,-,"Assignment ","A.B.Perera ","COL/ BSE /2021/F/079",HNDBSE,2025-09-17,2025-09-27
ASSIGNMENT,01,"Maintenance management ",,Mrs.a.h.f.sattar,,,"in-plant training maintenance work","O.P.S.Thilakarathne ",Col/bse/2021/f/032,HNDBSE,2025-09-22,2025-09-24
EXPERIMENT,01,"STRENGTH OF MATERIALS",,"MS S.WICKRAMASOORIYA",C3,"034,035,037,038,039,041,042,044,045,046,047","BENDING MOMENT AND SHEAR FORSE ",K.D.SANDANAYAKA,COL/CE/2324/F/039,HNDCE,2025-09-16,2025-09-23
EXPERIMENT,01,"STRENGTH OF MATERIALS",,"MS S.WICKRAMASOORIYA",C3,"034,035,037,038,039,041,042,044,045,046,047","BENDING MOMENT AND SHEAR FORSE ",N.A.M.LAKSHANI,COL/CE/2324/F/035,HNDCE,2025-09-16,2025-09-23
EXPERIMENT,01,"STRENGTH OF MATERIALS",,"MS S.WICKRAMASOORIYA",C3,"034,035,037,038,039,041,042,044,045,046,047","BENDING MOMENT AND SHEAR FORSE ",R.A.R.CHAMIKA,COL/CE/2324/F/041,HNDCE,2025-09-16,2025-09-23
EXPERIMENT,01,"STRENGTH OF MATERIALS",,"MS S.WICKRAMASOORIYA",C3,"034,035,037,038,039,041,042,044,045,046,047","BENDING MOMENT AND SHEAR FORSE ",R.I.CHATHURANI,COL/CE/2324/F/037,HNDCE,2025-09-16,2025-09-23
EXPERIMENT,01,"STRENGTH OF MATERIALS",,"MS S.WICKRAMASOORIYA",C3,"034,035,037,038,039,041,042,044,045,046,047","BENDING MOMENT AND SHEAR FORSE ",P.H.N.K.SATHSARANI,COL/CE/2324/F/038,HNDCE,2025-09-16,2025-09-23
EXPERIMENT,01,"STRENGTH OF MATERIALS",,"MS S.WICKRAMASOORIYA",C3,"034,035,037,038,039,041,042,044,045,046,047","BENDING MOMENT AND SHEAR FORSE ",W.T.M.P.BOTHEJU,COL/CE/2324/F/042,HNDCE,2025-09-16,2025-09-23
EXPERIMENT,01,"STRENGTH OF MATERIALS",,"MS S.WICKRAMASOORIYA",C3,"034,035,037,038,039,041,042,044,045,046,047","BENDING MOMENT AND SHEAR FORSE ","H. H. H. M. HALPITA",COL/CE/2324/F/034,HNDCE,2025-09-16,2025-09-23
ASSIGNMENT,01,"Maintenance Management ",,"Mrs. A. H. F. Sattar ",,,"Maintenance Observed During In-Plant Training",R.A.S.K.D.Ranasinghe,Col/bse/2021/f/070,HNDBSE,2025-09-22,2025-09-24
ASSIGNMENT,01,"Maintenance Management ",,"Mrs. A. H. F. Sattar ",E,,"Maintenance Observed During In-Plant Training",R.A.S.K.D.Ranasinghe,Col/bse/2021/f/070,HNDBSE,2025-09-22,2025-09-24
EXPERIMENT,01,"Strength of materials ",,Ms.s.wickramasooriya,C4,"048,049,050,052,057,058,059,060,061,062,065","Bending moment and shear force ",T.Thanuskanth,Col/ce/2324/f/062,HNDCE,2025-09-16,2025-09-23
EXPERIMENT,01,"Strength of materials ",,Ms.s.wickramasooriya,C4,"048,049,050,052,057,058,059,060,061,062,065","Bending moment and shear force ",T.Thanuskanth,Col/ce/2324/f/062,HNDCE,2025-09-16,2025-09-23
EXPERIMENT,01,"Strength of materials ",,Ms.s.wickramasooriya,C4,"048,049,050,052,057,058,059,060,061,062,065","Bending moment and shear force ",E.r.ahamed,Col/ce/2324/f/057,HNDCE,2025-09-16,2025-09-23
ASSIGNMENT,01,"Maintenance Management",,"Mrs A.H.F.Sattar",,,"Maintenance Work Report ",A.M.R.D.Adikari,"COL/BSE/2021/F/026 ",HNDBSE,2025-09-22,2025-09-24
EXPERIMENT,01,"Strength of materials ",,Ms.s.wickramasooriya,C4,"048,049,050,052,057,058,059,060,061,062,065","Bending moment and shear force ",G.v.a.u.dharmasena,Col/ce/2324/f/060,HNDCE,2025-09-16,2025-09-23
EXPERIMENT,01,"Strength of materials ",,Ms.s.wickramasooriya,C4,"048,049,050,052,057,058,059,060,061,062,065","Bending moment and shear force ",S.Sukirthan,Col/ce/2324/f/049,HNDCE,2025-09-16,2025-09-23
EXPERIMENT,01,"STRENGTH OF MATERIALS",,"MS S.A.S.WICKRAMASOORIYA",C3,"034,035,037,038,039,041,042,044,045,046,047","BENDING MOMENT AND SHEAR FORCE",K.D.SANDANAYAKA,COL/CE/2324/F/039,HNDCE,2025-09-16,2025-09-23
EXPERIMENT,01,"STRENGTH OF MATERIALS",,"MS S.A.S.WICKRAMASOORIYA",C3,"034,035,037,038,039,041,042,044,045,046,047","BENDING MOMENT AND SHEAR FORCE",N.A.M.LAKSHANI,COL/CE/2324/F/035,HNDCE,2025-09-16,2025-09-23
EXPERIMENT,01,"STRENGTH OF MATERIALS",,"MS S.A.S.WICKRAMASOORIYA",C3,"034,035,037,038,039,041,042,044,045,046,047","BENDING MOMENT AND SHEAR FORCE",H.H.H.M.HALPITA,COL/CE/2324/F/034,HNDCE,2025-09-16,2025-09-23
EXPERIMENT,01,"STRENGTH OF MATERIALS",,"MS S.A.S.WICKRAMASOORIYA",C3,"034,035,037,038,039,041,042,044,045,046,047","BENDING MOMENT AND SHEAR FORCE",R.I.CHATHURANI,COL/CE/2324/F/037,HNDCE,2025-09-16,2025-09-23
EXPERIMENT,01,"STRENGTH OF MATERIALS",,"MS S.A.S.WICKRAMASOORIYA",C3,"034,035,037,038,039,041,042,044,045,046,047","BENDING MOMENT AND SHEAR FORCE",P.H.N.K.SATHSARANI,COL/CE/2324/F/038,HNDCE,2025-09-16,2025-09-23
EXPERIMENT,01,"STRENGTH OF MATERIALS",,"MS S.A.S.WICKRAMASOORIYA",C3,"034,035,037,038,039,041,042,044,045,046,047","BENDING MOMENT AND SHEAR FORCE",R.A.R.CHAMIKA,COL/CE/2324/F/041,HNDCE,2025-09-16,2025-09-23
ASSIGNMENT,01,"Maintenance Management ",,"Mrs. A. H. F. Sattar ",E,,"Maintenance Activities Observed During In-Plant Training in the HVAC System",R.A.S.K.D.Ranasinghe,Col/bse/2021/f/070,HNDBSE,2025-09-22,2025-09-24
ASSIGNMENT,01,"Maintenance Management ",,"Mrs. A. H. F. Sattar ",E,,"Maintenance Observed During In-Plant Training in the HVAC System",R.A.S.K.D.Ranasinghe,Col/bse/2021/f/070,HNDBSE,2025-09-22,2025-09-24
EXPERIMENT,01,"STRENGTH OF MATERIALS",,"MS S.A.S.WICKRAMASOORIYA",C3,"034,035,037,038,039,041,042,044,045,046,047","BENDING MOMENT AND SHEAR FORCE",W.T.M.P.BOTHEJU,COL/CE/2324/F/042,HNDCE,2025-09-16,2025-09-23
ASSIGNMENT,01,"Maintenance management ",,Mrs.a.h.f.sattar,,,"Report on maintenance during about in-plant training ",N.G.S.M.Rajapaksha,Col/bse/2021/f/044,HNDBSE,2025-09-22,2025-09-24
ASSIGNMENT,01,"Maintenance management",,"Mrs. Sattar",,,Report,"M.P.P.I. de silva",COL/BSE/2021/F/011,HNDBSE,2025-09-22,2025-09-24
ASSIGNMENT,01,"Maintenance management",,"Mrs. A.H.F. Sattar",,,"Assignment 01","M.P.P.I. de silva",COL/BSE/2021/F/011,HNDBSE,2025-09-22,2025-09-24
ASSIGNMENT,01,"Maintenance management",,"Mrs. A.H.F. Sattar",,,Assignment,"M.P.P.I. de silva",COL/BSE/2021/F/011,HNDBSE,2025-09-22,2025-09-24
PROJECT,01,"MAINTENANCE MANAGEMENT ",,"MRS. A.H.F SATTAR",,,"MAINTENANCE PROCESS OF STEEL BAR BENDING MACHINE","R.P.S.N.SUMANASINGHE ",COL/BSE/2021/F/09,HNDBSE,2025-09-22,2025-09-24
PROJECT,01,"MAINTENANCE MANAGEMENT ",,"MRS. A.H.F SATTAR",,,"MAINTENANCE PROCESS OF STEEL BAR BENDING MACHINE","R.P.S.N.SUMANASINGHE ",COL/BSE/2021/F/09,HNDBSE,2025-09-22,2025-09-24
PROJECT,01,"Maintenance management ",,"Mrs. A.h.f.sattar",,,,P.g.i.l.peramunagama,Col/bse/2021/f/08,HNDBSE,2025-09-22,2025-09-24
PROJECT,01,"Maintenance management ",,"Mrs. A.h.f.sattar",,,,P.g.i.l.peramunagama,COL/BSE/2021/F/08,HNDBSE,2025-09-22,2025-09-24
PROJECT,01,"Maintenance management ",,"Mrs. A.h.f.sattar",,,,P.g.i.l.peramunagama,COL/BSE/2021/F/008,HNDBSE,2025-09-22,2025-09-24
PROJECT,01,"MAINTENANCE MANAGEMENT ",,"MRS. A.H.F SATTAR",,,"MAINTENANCE PROCESS OF STEEL BAR BENDING MACHINE","R.P.S.N SUMANASINGHE ",COL/BSE/2021/F/09,HNDCE,2025-09-22,2025-09-24
PROJECT,01,"MAINTENANCE MANAGEMENT ",,"MRS. A.H.F SATTAR",,,"MAINTENANCE PROCESS OF STEEL BAR BENDING MACHINE","R.P.S.N SUMANASINGHE ",COL/BSE/2021/F/09,HNDCE,2025-09-22,2025-09-24
PROJECT,01,"MAINTENANCE MANAGEMENT ",,"MRS. A.H.F SATTAR",,,"MAINTENANCE PROCESS OF STEEL BAR BENDING MACHINE","R.P.S.N SUMANASINGHE ",COL/BSE/2021/F/009,HNDCE,2025-09-22,2025-09-24
PROJECT,01,"MAINTENANCE MANAGEMENT ",,"MRS. A.H.F SATTAR ",,,"MAINTENANCE PROCESS OF STEEL BAR BENDING MACHINE","R.P.S.N SUMANASINGHE ",COL/BSE/2021/F/009,HNDBSE,2025-09-22,2025-09-24
PROJECT,01,"MAINTENANCE MANAGEMENT  ",,"Mrs. A.h.f.sattar",,,"FIRE DETECTION SYSTEM MAINTENANCE MANAGEMENT ",P.G.I.L.PERAMUNAGAMA,COL/BSE/2021/F/008,HNDBSE,2025-09-22,2025-09-24
ASSIGNMENT,01,"Maintenance Management",,"Mrs. A. H. F. Sattar ",,,"Maintenance Procedures and Service Reporting in Air Conditioning Units","W.D.D.M. De Zoysa",COL/BSE/2021/F/023,HNDBSE,2025-09-22,2025-09-24
ASSIGNMENT,01,"Maintenance Management",,"Mrs. A. H. F. Sattar ",,,"Maintenance Procedures and Service Reporting in Air Conditioning Units","W.P.S. Rangana",COL/BSE/2021/F/30,HNDBSE,2025-09-22,2025-09-24
ASSIGNMENT,01,"Maintenance Management",,"Mrs. A. H. F. Sattar ",,,"Maintenance Procedures and Service Reporting in Air Conditioning Units","W.P.S. Rangana",COL/BSE/2021/F/030,HNDBSE,2025-09-22,2025-09-24
ASSIGNMENT,01,"Maintenance Management",,"Mrs. A. H. F. Sattar ",,,"Repairing of ppr pipe line","W.P.S. Rangana",COL/BSE/2021/F/030,HNDBSE,2025-09-22,2025-09-24
ASSIGNMENT,01,"MAINTENANCE MANAGEMENT",,"Mrs. SATTAR",,,"MAINTENANCE IN A/C SYSTEM","D.M HIRUNI MENDIS",COL/BSE/2021/F/74,HNDBSE,2025-09-22,2025-09-24
ASSIGNMENT,01,"MAINTENANCE MANAGEMENT",,"Mrs. SATTAR",,,"MAINTENANCE IN A/C SYSTEM","D.M HIRUNI MENDIS",COL/BSE/2021/F/74,HNDBSE,2025-09-22,2025-09-24
ASSIGNMENT,01,"MAINTENANCE MANAGEMENT",,"Mrs. SATTAR",,,"MAINTENANCE IN A/C SYSTEM","D.M HIRUNI MENDIS",COL/BSE/2021/F/074,HNDBSE,2025-09-22,2025-09-24
ASSIGNMENT,01,"MAINTENANCE MANAGEMENT",,"Mrs. SATTAR",E,,"MAINTENANCE IN A/C SYSTEM","D.M HIRUNI MENDIS",COL/BSE/2021/F/074,HNDBSE,2025-09-22,2025-09-24
EXPERIMENT,01,"Strength of materials ",,Ms.s.wickramasooriya,C4,"048,049,050,052,057,058,059,060,061,062,065","Bending moment and shear force ",N.m.samhan,Col/ce/2324/f/065,HNDCE,2025-09-16,2025-09-23
ASSIGNMENT,01,"MAINTENANCE MANAGEMENT ",,"MRS A.H.F.SATTAR",,,"A SYSYNTHESISED REPORT ","R.D.P.S.WASANA ",COL/BSE/2021/F/033,HNDBSE,2025-09-22,2025-09-24
ASSIGNMENT,01,"Maintenance Management ",,"MRS. A.H.S.Sattar",,,"A SYNTHESISED REPORT ","H.C.J.KARUNATHILAKA ",COL/BSE/2021/F/058,HNDBSE,2025-09-22,2025-09-24
ASSIGNMENT,01,"Maintenance Management ",,"MRS. A.H.S.Sattar",,,"A SYNTHESISED REPORT ","H.C.J.KARUNATHILAKA ",COL/BSE/2021/F/058,HNDBSE,2025-09-22,2025-09-24
ASSIGNMENT,01,"Maintenance Management ",,"MRS. A.H.S.Sattar",,,"A SYNTHESISED REPORT ","H.C.J.KARUNATHILAKA ",COL/BSE/2021/F/058,HNDBSE,2025-09-22,2025-09-24
EXPERIMENT,01,"Strength of materials",,Ms.S.a.s.Wickramasooriya,C04,"48,49,50,52,57,58,59,60,61,62,65","Shear force and bending moments",S.sukirthan,COL/CE/2324/f/049,HNDCE,2025-09-16,2025-09-23
EXPERIMENT,01,"Strength of materials",,Ms.S.a.s.Wickramasooriya,C04,"048,049,050,052,057,058,059,060,061,062,065","Shear force and bending moments",S.sukirthan,COL/CE/2324/f/049,HNDCE,2025-09-16,2025-09-23
EXPERIMENT,01,"Strength of materials",,Ms.S.a.s.Wickramasooriya,C03,"034,035,037,038,039,041,042,044,045,046,047","Shear force and bending moments",D.Jinitha,COL/CE/2324/f/045,HNDCE,2025-09-16,2025-09-23
EXPERIMENT,01,"Strength of materials",,Ms.S.a.s.Wickramasooriya,C03,"034,035,037,038,039,041,042,044,045,046,047","Shear force and bending moments",D.Jinitha,COL/CE/2324/f/045,HNDCE,2025-09-16,2025-09-23
ASSIGNMENT,01,"Maintenance management ",,"Mrs. A. H. F. Sattar",,,,"P. m. Rathnasooriya",Col/bse/2021/f/010,HNDBSE,2025-09-22,2025-09-24
ASSIGNMENT,01,"Maintenance management ",,"Mrs. A. H. F. Sattar",,,"Maintenance management of fire detection systems ","P. m. Rathnasooriya",Col/bse/2021/f/010,HNDBSE,2025-09-22,2025-09-24
ASSIGNMENT,01,"Maintenance management ",,"Mrs. A. H. F. Sattar",,,"Maintenance management of fire detection systems ","P. m. Rathnasooriya",Col/bse/2021/f/075,HNDBSE,2025-09-22,2025-09-24
ASSIGNMENT,01,"Engineering surveying",,,,,"Engineering surveying ","A. K. D. V. P. WIJENAYAKA ","COL /CE /2324/F/206",HNDCE,,
ASSIGNMENT,01,"Engineering surveying",,,,,"Engineering surveying ","A. K. D. V. P. WIJENAYAKA ","COL /CE /2324/F/206",HNDCE,,
ASSIGNMENT,01,"Engineering surveying",,,,,"Engineering surveying ","A. K. D. V. P. WIJENAYAKA ","COL /CE /2324/F/206",HNDCE,,
ASSIGNMENT,01,"Engineering surveying",,,,,"Engineering surveying ","A. K. D. V. P. WIJENAYAKA ","COL /CE /2324/F/206",HNDCE,,
EXPERIMENT,01,"Strength of materials ",,Ms.s.wickramasooriya,C4,"048,049,050,052,057,058,059,060,061,062,065","Bending moment and shear force ","K d.s.pubudu",Col/ce/2324/f/061,HNDCE,2025-09-16,2025-09-23
EXPERIMENT,01,"Strength of materials ",,Ms.s.wickramasooriya,C4,"048,049,050,052,057,058,059,060,061,062,065","Bending moment and shear force ",R.t.ishan,Col/ce/2324/f/059,HNDCE,2025-09-16,2025-09-23
ASSIGNMENT,01,"Maintenance Management ",,"MRS. A.H.F.SATTAR ",,,"A synthesised report ","H.C.J.KARUNATHILAKA ",COL/BSE/2021/F/058,HNDBSE,2025-09-22,2025-09-24
ASSIGNMENT,01,"Maintenance Management ",,"MRS. A.H.F.SATTAR ",,,"A synthesised report ","H.C.J.KARUNATHILAKA ",COL/BSE/2021/F/058,HNDBSE,2025-09-22,2025-09-24
ASSIGNMENT,01,"Maintenance management ",,"Mrs. A. H. F. Sattar",,,"Report of maintenance ","P. D. Hirushi Hansika",Col/bse/2021/f/075,HNDBSE,2025-09-22,2025-09-24
ASSIGNMENT,01,"Maintenance Management ",,"Mrs .A.H.F.Sattar",,,"Report on Maintenance ","P.D.Hirushi Hansika ","COL/BSE /2021/F/075",HNDBSE,2025-09-22,2025-09-24
ASSIGNMENT,01,"Maintenance Management ",,"Mrs .A.H.F.Sattar",,,"Report on Maintenance ","P.D.Hirushi Hansika ","COL/BSE /2021/F/075",HNDBSE,2025-09-22,2025-09-24
ASSIGNMENT,01,"Maintenance Management ",,"Mrs .A.H.F.Sattar",-,-,"Report on Maintenance ","P.D.Hirushi Hansika ","COL/BSE /2021/F/075",HNDBSE,2025-09-22,2025-09-24
ASSIGNMENT,01,"Maintenance Management ",,"Mrs .A.H.F.Sattar",-,,"Report on Maintenance ","P.D.Hirushi Hansika ","COL/BSE /2021/F/075",HNDBSE,2025-09-22,2025-09-24
ASSIGNMENT,01,"Maintenance Management ",,"Mrs .A.H.F.Sattar",-,,"Report on Maintenance ","P.D.Hirushi Hansika ","Col/ bse/2021/f/075",HNDBSE,2025-09-22,2025-09-24
ASSIGNMENT,01,"Maintenance Management ",,"Mrs .A.H.F.Sattar",-,,"Report on Maintenance ","P.D.Hirushi Hansika ","Col/ bse/2021/f/075",HNDBSE,2025-09-22,2025-09-24
ASSIGNMENT,01,"Maintenance Management ",,"Mrs .A.H.F.Sattar",-,,"Report on Maintenance ","P.D.Hirushi Hansika ","COL/BSE /2021/F/075",HNDBSE,2025-09-22,2025-09-24
ASSIGNMENT,01,"Maintenance Management ",,"Mrs .A.H.F.Sattar",-,,"Report on Maintenance ","P.D.Hirushi Hansika ","COL/BSE /2021/F/075",HNDBSE,2025-09-22,2025-09-24
ASSIGNMENT,01,"Maintenance Management ",,"Mrs .A.H.F.Sattar",,,"Report on maintenance ","P.D.Hirushi Hansika ","COL/BSE /2021/F/075",HNDBSE,2025-09-22,2025-09-24
ASSIGNMENT,01,"Maintenance Management ",,"Mrs .A.H.F.Sattar",,,"Report on maintenance ","P.D.Hirushi Hansika ","COL/BSE /2021/F/075",HNDBSE,2025-09-22,2025-09-24
ASSIGNMENT,01,"Maintenance Management ",,"Mrs .A.H.F.Sattar",,,"Report on maintenance ","P.D.Hirushi Hansika ",COL/BSE/2021/F/075,HNDBSE,2025-09-22,2025-09-24
ASSIGNMENT,01,"Maintenance Management ",,"Mrs .A.H.F.Sattar",,,"Report on maintenance ","P.D.Hirushi Hansika ",COL/BSE/2021/F/075,HNDBSE,2025-09-22,2025-09-24
ASSIGNMENT,01,"Maintenance Management ",,"Mrs .A.H.F.Sattar",,,"Maintenance of fire detection systems","P. M. Rathnasooriya","COL/BSE /2021/F/010",HNDBSE,2025-09-22,2025-09-24
ASSIGNMENT,01,"Maintenance Management ",,"Mrs .A.H.F.Sattar",,,"Maintenance of fire detection systems","P. M. Rathnasooriya",COL/BSE/2021/F/010,HNDBSE,2025-09-22,2025-09-24
PROJECT,01,"MAINTENANCE MANAGEMENT ",,"MRS. A.H.F. SATTAR",,,"MAINTENANCE PROCESS OF GENERATOR & MOTOR PUMP ","N.H.H. M. De Silva ","COL/BSE/2021/F/04 ",HNDBSE,2025-09-22,2025-09-24
ASSIGNMENT,01,"Maintenance Management ",,"Mrs .A.H.F.Sattar",,,"Maintenance of fire detection systems","P. M. Rathnasooriya",COL/BSE/2021/F/010,HNDBSE,2025-09-22,2025-09-24
PROJECT,01,"MAINTENANCE MANAGEMENT ",,"MRS. A.H.F. SATTAR",,,"MAINTENANCE PROCESS OF GENERATOR & MOTOR PUMP ","N.H.H. M. De Silva ","COL/BSE/2021/F/04 ",HNDBSE,2025-09-22,2025-09-24
PROJECT,01,"MAINTENANCE MANAGEMENT ",,"MRS. A.H.F. SATTAR",,,"MAINTENANCE PROCESS OF GENERATOR & MOTOR PUMP ","N.H.H. M. De Silva ",COL/BSE/2021/F/004,HNDBSE,2025-09-22,2025-09-24
PROJECT,01,"MAINTENANCE MANAGEMENT ",,"MRS. A.H.F. SATTAR",,,"MAINTENANCE PROCESS OF GENERATOR & MOTOR PUMP ","N.H.H. M. De Silva ",COL/BSE/2021/F/004,HNDBSE,2025-09-22,2025-09-24
EXPERIMENT,01,"STRENGTH OF MATERIAL ",,Ms.S.A.S.Wikramasooriya,C03,"034,035,037,038,039,041,042,044,045,046,047","SHEAR FORCE AND BENDING MOMENT ","AMM. ASSATHIK",COL/CE/2023/F/058,HNDCE,2025-09-16,
EXPERIMENT,01,"STRENGTH OF MATERIALS",,"MS. S.A.S. WICKRAMASOORIYA",C4,,"SHEAR FORCE AND BENDING MOMENT",F.K.M.FAZIL,COL/CE/2324/F/050,HNDCE,2025-09-16,2025-09-23
EXPERIMENT,01,"STRENGTH OF MATERIALS",,"MS. S.A.S. WICKRAMASOORIYA",C4,,"SHEAR FORCE AND BENDING MOMENT",F.K.M.FAZIL,COL/CE/2324/F/050,HNDCE,2025-09-16,2025-09-23
EXPERIMENT,01,"Strength of Materials",,"Ms. S.A.S. Wickramasooriya",C3,"034,035,036,037,038,039,041,042,044,045,046,047","SHEAR FORCE AND BENDING MOMENT",MSMS.KHAN,COL/CE/2324F/047,HNDCE,2025-09-16,2025-09-23
EXPERIMENT,01,"Strength of Materials",,"Ms. S.A.S. Wickramasooriya",C3,"034,035,036,037,038,039,041,042,044,045,046,047","SHEAR FORCE AND BENDING MOMENT",MSMS.KHAN,COL/CE/2324/F/047,HNDCE,2025-09-16,2025-09-23
EXPERIMENT,01,"STRENGTH OF MATERIALS",,"MS. S.A.S. WICKRAMASOORIYA",C4,"COL/CE/2324/F/048,COL/CE/2324/F/049,COL/CE/2324/F/050,COL/CE/2324/F/052,COL/CE/2324/F/057,COL/CE/2324/F/058,COL/CE/2324/F/059,COL/CE/2324/F/060,COL/CE/2324/F/061,COL/CE/2324/F/062,COL/CE/2324/F/065","SHEAR FORCE AND BENDING MOMENT",F.K.M.FAZIL,COL/CE/2324/F/050,HNDCE,2025-09-16,2025-09-23
ASSIGNMENT,01,"Maintenance Management ",,"Mrs. A.H.F. Sattar",,,"Maintenance of Sewer Treatment Plant","E.S. Maduhangsa ",Col/bse/2021/f/029,HNDBSE,2025-09-22,2025-09-24
ASSIGNMENT,01,"Strength of materials ",,Ms.s.wickramasooriya,C4,"048,049,050,052,057,058,059,060,061,062,065","Bending moment and shear force ",A.s.n.ahamed,Col/ce/2324/f/048,HNDCE,2025-09-16,2025-09-23
EXPERIMENT,01,"STRENGTH OF MATERIAL ",,Ms.S.A.S.Wikramasooriya,C03,"034,035,037,038,039,041,042,044,045,046,047","SHEAR FORCE AND BENDING MOMENT ",MRA.FARHATH,COL/CE/2023/F/044,HNDCE,2025-09-16,
ASSIGNMENT,01,"MAINTENANCE MANAGEMENT ",,"MRS A.H.F.SATTAR",,,"SYNTHESISED REPORT ","M.D.S.D.RAJAPAKSHA ",COL/BSE/2021/F/034,HNDBSE,2025-09-22,2025-09-24
PRACTICAL,02,"Civil engineering construction II",,Ms.S.A.S.Wickramasooriya,Q2,"208,211,212,213,217,218,219,220,221,222,223","Specific gravity and water absorption test for aggregates",J.J.P.DANISTAN,COL/QS/2324/F/223,HNDQS,2025-09-19,2025-09-25
ASSIGNMENT,01,"MAINTENANCE MANAGEMENT ",,"MRS A.H.F.SATTAR",,,"SYNTHESISED REPORT ",S.M.RAYAN,COL/BSE/2021/F/013,HNDBSE,2025-09-22,2025-09-24
ASSIGNMENT,01,"MAINTENANCE MANAGEMENT ",,"MRS A.H.F.SATTAR",,,"SYNTHESISED REPORT ",S.M.RAYAN,COL/BSE/2021/F/013,HNDBSE,2025-09-22,2025-09-24
ASSIGNMENT,01,"Maintenance Management",,"Mrs. A. H. F. Sattar",,,"A SYNTHESISED REPORT ",J.NATHEESAN,COL/BSE/2021/F/71,HNDBSE,2025-09-22,2025-09-24
ASSIGNMENT,01,"Maintenance Management ",,"Mrs. A.H.F. Sattar ",,,"A SYNTHESISED REPORT","M.M.M. Rilahi",COL/BSE/2021/F/043,HNDBSE,2025-09-22,2025-09-24
ASSIGNMENT,01,"Maintenance Management",,"Mrs. A. H. F. Sattar",,,"A SYNTHESISED REPORT ",J.NATHEESAN,COL/BSE/2021/F/71,HNDBSE,2025-09-22,2025-09-24
ASSIGNMENT,01,"Maintenance Management",,"Mrs. A. H. F. Sattar",,,"A SYNTHESISED REPORT ",J.NATHEESAN,COL/BSE/2021/F/71,HNDBSE,2025-09-22,2025-09-24
ASSIGNMENT,01,"Maintenance Management",,"Mrs. A. H. F. Sattar",,,"A SYNTHESISED REPORT ",J.NATHEESAN,COL/BSE/2021/F/071,HNDBSE,2025-09-22,2025-09-24
ASSIGNMENT,01,"Maintenance Management ",,"Mrs. A.H.F. Sattar ",,,"A SYNTHESISED REPORT",S.Sinthushan,COL/BSE/2021/F/060,HNDBSE,2025-09-22,2025-09-24
ASSIGNMENT,01,"MAINTENANCE MANAGEMENT ",,"Mrs. A.H.F. Sattar ",,,"A SYNTHESISED REPORT",J.NATHEESAN,COL/BSE/2021/F/071,HNDBSE,2025-09-22,2025-09-24
ASSIGNMENT,01,"MAINTENANCE MANAGEMENT ",,"Mrs. A.H.F. Sattar ",,,"A SYNTHESISED REPORT","M.M.M. RILAHI ",COL/BSE/2021/F/043,HNDBSE,2025-09-22,2025-09-24
ASSIGNMENT,01,"MAINTENANCE MANAGEMENT ",,"Mrs. A.H.F. Sattar ",,,"A SYNTHESISED REPORT","M.M.M. RILAHI ",COL/BSE/2021/F/043,HNDBSE,2025-09-22,2025-09-24
ASSIGNMENT,01,"MAINTENANCE MANAGEMENT ",,"Mrs. A.H.F. Sattar ",,,"A SYNTHESISED REPORT",S.SINTHUSHAN,COL/BSE/2021/F/060,HNDBSE,2025-09-22,2025-09-24
ASSIGNMENT,01,"MAINTENANCE MANAGEMENT ",,"Mrs. A.H.F. Sattar ",,,"A SYNTHESISED REPORT ",T.SARMILAN,COL/BSE/2021/F/001,HNDBSE,2025-09-22,2025-09-24
ASSIGNMENT,01,Hehe,,Hshshs,Beh6,Whhs,Shshshhshs,,204,HNDCE,,
PRACTICAL,01,Hehe,,Hshshs,Beh6,"20,27,61,83,",Shshshhshs,,COL/CE/2324/F/204,HNDCE,2025-09-05,2025-09-26
ASSIGNMENT,02,"CIVIL ENGINEERING CONSTRUCTION ",,"MS.SHEELANI ",Q2,"208,211,212,213,217,218,219,220,221,222,223","AGGREGATE TEST","D.I.U.SAMARASINGHE ",COL/QS/2324/F/213,HNDQS,2025-09-19,2025-09-26
ASSIGNMENT,02,"CIVIL ENGINEERING CONSTRUCTION ",,"MS.SHEELANI ",Q2,"208,211,212,213,217,218,219,220,221,222,223","Aggregate test","Y.D.S.NIRASHA ",COL/QS/2324/F/219,HNDQS,2025-09-19,2025-09-26
PRACTICAL,01,"Engineering Surveying",,,"C 2",,"Engineering Surveying 1",Y.S.Tharindi,COL/CE/2324/F/016,HNDCE,,
EXPERIMENT,01,"Strength of Materials I ",,"Mrs. Sheelani ",M2,"017,018,020,021,022,023,025,026,027","Deflection in Cantilever Beams",J.M.S.u.jayasinghe,Col/me/2324/f/017,HNDME,2025-09-23,2025-10-07
ASSIGNMENT,02,"CIVIL ENGINEERING CONSTRUCTION ",,"MS.SHEELANI ",Q2,"208,211,212,213,217,218,219,220,221,222,223","AGGREGATE TEST",J.A.B.PIYAMANTHI,COL/QS/2324/F/222,HNDQS,2025-09-19,2025-09-26
ASSIGNMENT,02,"CIVIL ENGINEERING CONSTRUCTION ",,"MS.SHEELANI ",Q2,"208,211,212,213,217,218,219,220,221,222,223","AGGREGATE TEST",J.A.B.PIYAMANTHI,COL/QS/2324/F/222,HNDQS,2025-09-19,2025-09-26
ASSIGNMENT,02,"CIVIL ENGINEERING CONSTRUCTION ",,"MS.SHEELANI ",Q2,"208,211,212,213,217,218,219,220,221,222,223","AGGREGATE TEST",J.A.B.PIYUMANTHI,COL/QS/2324/F/222,HNDQS,2025-09-19,2025-09-26
ASSIGNMENT,01,Rggc,,Gvjihb,Gvj,"Gbihb,hgvh,අංඅංල,cfc",Rfchjg,Bjjbv,Fhjbnj,HNDCE,2025-09-19,2025-09-27
ASSIGNMENT,02,"Civil Engineering construction 2",,MS.SHEELANI,Q2,"208,211,212,213 217,218,219,220,221,222 223","Assignment 2","S.L. Athapattu ",COL/QS/2324/F/211,HNDQS,2025-09-19,2025-09-26
ASSIGNMENT,01,"THERMODYNAMICS AND FLUID MECHANICS",,,,,"ENGINEERING SURVEYING",H.K.H.HANSAMALI,COL/BSE/2324/F/003,HNDBSE,,
ASSIGNMENT,01,"THERMODYNAMICS AND FLUID MECHANICS",,,,,"ENGINEERING SURVEYING",H.K.H.HANSAMALI,COL/BSE/2324/F/003,HNDBSE,,
ASSIGNMENT,01,"ENGINEERING SURVEYING",,,,,"ENGINEERING SURVEYING",H.K.H.HANSAMALI,COL/BSE/2324/F/003,HNDBSE,,
EXPERIMENT,01,"STRENGTH OF MATERIAL ",,Ms.S.A.S.Wikramasooriya,C04,"48,49,50,52,57,58,59,60,61,62,65","SHEAR FORCE AND BENDING MOMENT ","AMM. ASSATHIK",COL/CE/2023/F/0458,HNDCE,2025-09-16,2025-09-23
EXPERIMENT,01,"STRENGTH OF MATERIAL ",,Ms.S.A.S.Wikramasooriya,C04,"48,49,50,52,57,58,59,60,61,62,65","SHEAR FORCE AND BENDING MOMENT ","AMM. ASSATHIK",COL/CE/2023/F/058,HNDCE,2025-09-16,2025-09-23
ASSIGNMENT,02,"Civil Engineering construction 2",,MS.SHEELANI,03,"208,211,212,213,217,218,219,220,221,222,223","Aggregate test","S.L. Athapattu ",COL/QS/2324/F/211,HNDQS,2025-09-19,2025-09-26
ASSIGNMENT,02,"Civil Engineering construction 2",,MS.SHEELANI,03,"208,211,212,213,217,218,219,220,221,222,223","Aggregate test","S.L. Athapattu ",COL/QS/2324/F/211,HNDQS,2025-09-19,2025-09-26
ASSIGNMENT,02,"CIVIL ENGINEERING CONSTRUCTION ",,"MS.SHEELANI ",Q2,"208,211,212,213,217,218,219,220,221,222,223","AGGREGATE TEST",M.R.ABDULLAH,COL/QS/2324/F/217,HNDQS,2025-09-19,2025-09-26
EXPERIMENT,02,"Civil Engineering construction 2",,MS.SHEELANI,Q2,"208,211,212,213,217,218,219,220,221,222,223","Aggregate test ","S.L. Athapattu ",COL/QS/2324/F/211,HNDQS,2025-09-19,2025-09-26
ASSIGNMENT,01,"ENGINEERING SURVEYING",,,,,"ENGINEERING SURVEYING",R.M.S.N.RATHNAYAKA,COL/BSE/2324/F/213,HNDBSE,,
ASSIGNMENT,02,"CIVIL ENGINEERING CONSTRUCTION ",,"MS.SHEELANI ",Q2,"208,211,212,213,217,218,219,220,221,222,223","AGGREGATE TEST",K.M.RASIB,COL/QS/2324/F/212,HNDQS,2025-09-19,2025-09-26
ASSIGNMENT,01,"ENGINEERING SURVEYING",,,,,"ENGINEERING SURVEYING",R.M.S.N.RATHNAYAKA,COL/BSE/2324/F/211,HNDBSE,,
ASSIGNMENT,01,"ENGINEERING SURVEYING",,,,,"ENGINEERING SURVEYING",A.M.D.D.ABEYSINGHE,COL/BSE/2324/F/213,HNDBSE,,
ASSIGNMENT,01,"ENGINEERING SURVEYING",,,,,"ENGINEERING SURVEYING",G.D.S.Y.GAMAETHIGE,COL/BSE/2324/F/004,HNDBSE,,
ASSIGNMENT,01,"ENGINEERING SURVEYING",,,,,"ENGINEERING SURVEYING",K.K.W.BANDARA,COL/BSE/2324/F/005,HNDBSE,,
ASSIGNMENT,01,"ENGINEERING SURVEYING",,,,,"ENGINEERING SURVEYING",H.G.K.HARSHAMALI,COL/BSE/2324/F/006,HNDBSE,,
ASSIGNMENT,01,"ENGINEERING SURVEYING",,,,,"ENGINEERING SURVEYING",D.P.D.D.H.SENARATH,COL/BSE/2324/F/008,HNDBSE,,
ASSIGNMENT,01,"Engineering surveying",,,,,"Engineering surveying",G.N.H.KUMARI,COL/BSE/2324/F/012,HNDBSE,,
ASSIGNMENT,01,"Engineering surveying",,,,,"Engineering surveying",G.N.H.KUMARI,COL/BSE/2324/F/012,HNDCE,,
ASSIGNMENT,01,"Engineering surveying",,,,,"Engineering surveying",G.N.H.KUMARI,COL/BSE/2324/F/012,HNDCE,,
ASSIGNMENT,01,"Engineering surveying",,,,,"Engineering surveying",H.G.K.harshamali,COL/BSE/2324/F/006,HNDCE,,
ASSIGNMENT,01,"Engineering surveying",,,,,"Engineering surveying",H.G.K.harshamali,COL/BSE/2324/F/006,HNDBSE,,
ASSIGNMENT,01,"Engineering surveying",,,,,"Engineering surveying",H.G.K.harshamali,COL/BSE/2324/F/006,HNDBSE,,
ASSIGNMENT,01,"Engineering surveying",,,,,"Engineering surveying",R.ld.k.seumini,COL/BSE/2324/F/013,HNDBSE,,
ASSIGNMENT,01,"Engineering surveying",,,,,"Engineering surveying",R.l.d.k.seumini,COL/BSE/2324/F/013,HNDBSE,,
ASSIGNMENT,01,"Engineering surveying",,,,,"Engineering surveying",G.N.H.KUMARI,COL/BSE/2324/F/012,HNDCE,,
ASSIGNMENT,01,"Engineering surveying",,,,,"Engineering surveying",G.N.H.KUMARI,COL/BSE/2324/F/012,HNDBSE,,
PRACTICAL,02,"CIVIL ENGINEERING CONSTRUCTION ",,"MS.SHEELANI ",Q2,"208,211,212,213,217,218,219,220,221,222,223","AGGREGATE TEST","D.I.U.SAMARASINGHE ",COL/QS/2324/F/213,HNDQS,2025-09-19,2025-09-26
PRACTICAL,02,"CIVIL ENGINEERING CONSTRUCTION 2",,"MS.SHEELANI ",Q2,"208,211,212,213,217,218,219,220,221,222,223","AGGREGATE TEST","D.I.U.SAMARASINGHE ",COL/QS/2324/F/213,HNDQS,2025-09-19,2025-09-26
PRACTICAL,02,"Civil engineering construction II ",,Ms.S.A.S.Wickramasooriya,Q2,"COL/QS/2324/F/208,COL/QS/2324/F/211,COL/QS/2324/F/212,COL/QS/2324/F/213,COL/QS/2324/F/217,COL/QS/2324/F/218,COL/QS/2324/F/219,COL/QS/2324/F/220,COL/QS/2324/F/221,COL/QS/2324/F/222,COL/QS/2324/F/223","Aggregate Test",A.P.M.Madhubhashinee,COL/QS/2324/F/221,HNDQS,2025-09-19,2025-09-26
PRACTICAL,02,"Civil engineering construction II ",,Ms.S.A.S.Wickramasooriya,Q2,"COL/QS/2324/F/208,COL/QS/2324/F/211,COL/QS/2324/F/212,COL/QS/2324/F/213,COL/QS/2324/F/217,COL/QS/2324/F/218,COL/QS/2324/F/219,COL/QS/2324/F/220,COL/QS/2324/F/221,COL/QS/2324/F/222,COL/QS/2324/F/223","Aggregate Test",A.P.M.Madhubhashinee,COL/QS/2324/F/221,HNDQS,2025-09-19,2025-09-26
PRACTICAL,02,"Civil engineering construction II ",,Ms.S.A.S.Wickramasooriya,Q2,"208,211,212,213,217,218,219,220,221,222,223","Aggregate test",A.P.M.Madhubhashinee,COL/QS/2324/F/221,HNDQS,2025-09-19,2025-09-26
PRACTICAL,02,"Civil engineering construction II ",,Ms.S.A.S.Wickramasooriya,Q2,"208,211,212,213,217,218,219,220,221,222,223","Aggregate test",A.P.M.Madhubhashinee,COL/QS/2324/F/221,HNDQS,2025-09-19,2025-09-26
PRACTICAL,02,"CIVIL ENGINEERING CONSTRUCTION II ",,MS.S.A.S.WICKRAMASOORIYA,Q2,"208,211,212,213,217,218,219,220,221,222,223","AGGREGATE TEST",A.P.M.MADHUBHASHINEE," COL/QS/2324/F/221 ",HNDQS,2025-09-19,2025-09-26
PRACTICAL,02,"CIVIL ENGINEERING CONSTRUCTION II ",,MS.S.A.S.WICKRAMASOORIYA,Q2,"208,211,212,213,217,218,219,220,221,222,223","AGGREGATE TEST",A.P.M.MADHUBHASHINEE," COL/QS/2324/F/221 ",HNDQS,2025-09-19,2025-09-26
PRACTICAL,02,"CIVIL ENGINEERING CONSTRUCTION II ",,MS.S.A.S.WICKRAMASOORIYA,Q2,"208, 211, 212, 213, 217, 218, 219 , 220, 221, 222, 223","AGGREGATE TEST",A.P.M.MADHUBHASHINEE," COL/QS/2324/F/221 ",HNDQS,2025-09-19,2025-09-26
PRACTICAL,02,"CIVIL ENGINEERING CONSTRUCTION II ",,MS.S.A.S.WICKRAMASOORIYA,Q2,"08,11,12,13,17,18,19,20,21,22,23","AGGREGATE TEST",A.P.M.MADHUBHASHINEE," COL/QS/2324/F/221 ",HNDQS,2025-09-19,2025-09-26
PRACTICAL,02,"Civil engineering construction ii",,MS.S.A.S.WICKRAMASOORIYA,Q2,"208,211,212,213,217,218,219,220,221,222,223","Aggregate test",A.P.M.MADHUBHASHINEE,COL/QS/2324/F/221,HNDQS,2025-09-19,2025-09-26
PRACTICAL,02,"CIVIL ENGINEERING CONSTRUCTION 2",,"MS.SHEELANI ",Q2,"208,211,212,213,217,218,219,220,221,222,223","AGGREGATE TEST",M.P.WEERARATHNA,COL/QS/2324/F/218,HNDQS,2025-09-19,2025-09-26
ASSIGNMENT,01,"Engineering surveying",,,,,"Engineering surveying",H.H.N.hesara,COL/BSE/2324/F/010,HNDBSE,,
